,id_station,hora,O3,PM10,PM2.5,Latitud,Longitud
0,ACO,0,18.281112737920935,33.22170900692841,,19.635501,-98.91200300000001
1,ACO,1,16.074662430500396,35.01255230125523,,19.635501,-98.91200300000001
2,ACO,7,4.617267165193746,41.01346562721474,,19.635501,-98.91200300000001
3,ACO,8,7.338104976141786,46.67259786476868,,19.635501,-98.91200300000001
4,ACO,9,16.397827562797012,44.92811387900356,,19.635501,-98.91200300000001
5,ACO,10,30.134297520661157,38.36204379562044,,19.635501,-98.91200300000001
6,ACO,11,43.21981856245638,35.41305942773294,,19.635501,-98.91200300000001
7,ACO,12,52.93611111111111,34.124542124542124,,19.635501,-98.91200300000001
8,ACO,13,58.82869080779944,31.52332361516035,,19.635501,-98.91200300000001
9,ACO,14,60.90324809951624,30.639593908629443,,19.635501,-98.91200300000001
10,ACO,15,60.76426116838488,31.665703971119132,,19.635501,-98.91200300000001
11,ACO,16,58.365870307167235,36.0336676217765,,19.635501,-98.91200300000001
12,ACO,17,53.37559972583961,41.08933717579251,,19.635501,-98.91200300000001
13,ACO,18,45.85940730530668,46.1671469740634,,19.635501,-98.91200300000001
14,ACO,19,37.143150684931506,50.812634601579326,,19.635501,-98.91200300000001
15,ACO,20,30.92940370116518,47.375,,19.635501,-98.91200300000001
16,ACO,21,26.78463648834019,40.65827338129496,,19.635501,-98.91200300000001
17,ACO,22,23.29226557152635,36.282124910265615,,19.635501,-98.91200300000001
18,ACO,23,20.572112098427887,34.781048097631015,,19.635501,-98.91200300000001
19,AJM,0,28.4890873015873,25.22912205567452,14.790149892933618,19.2721,-99.207658
20,AJM,1,29.072810011376564,23.380778588807786,14.16058394160584,19.2721,-99.207658
21,AJM,7,20.839080459770116,23.78680203045685,15.045685279187817,19.2721,-99.207658
22,AJM,8,19.78962536023055,27.66360856269113,16.732925586136595,19.2721,-99.207658
23,AJM,9,22.033428844317097,33.845286885245905,20.0922131147541,19.2721,-99.207658
24,AJM,10,29.195169082125602,39.44953173777315,23.525494276795005,19.2721,-99.207658
25,AJM,11,40.960668633235,42.61724500525762,26.110410094637224,19.2721,-99.207658
26,AJM,12,54.65403788634098,43.3649946638207,27.0042689434365,19.2721,-99.207658
27,AJM,13,67.50299401197604,44.65310492505353,28.17558886509636,19.2721,-99.207658
28,AJM,14,76.64059405940594,44.33828207847296,27.679745493107106,19.2721,-99.207658
29,AJM,15,80.4795719844358,43.64360587002096,26.57922350472193,19.2721,-99.207658
30,AJM,16,78.0019305019305,42.53050672182006,24.875904860392968,19.2721,-99.207658
31,AJM,17,70.49085659287776,40.98442367601246,22.920041536863966,19.2721,-99.207658
32,AJM,18,57.83783783783784,39.30785123966942,20.790289256198346,19.2721,-99.207658
33,AJM,19,47.43269230769231,37.26212590299278,19.08875128998968,19.2721,-99.207658
34,AJM,20,40.23800383877159,34.28541882109617,17.798345398138572,19.2721,-99.207658
35,AJM,21,33.47641963426371,32.24896694214876,17.332644628099175,19.2721,-99.207658
36,AJM,22,28.636100386100384,30.413471502590674,16.75544041450777,19.2721,-99.207658
37,AJM,23,27.75868725868726,27.620227038183696,15.620227038183694,19.2721,-99.207658
38,AJU,0,16.596864501679732,,13.011857707509881,19.154674,-99.162459
39,AJU,1,15.674534161490683,,16.10239651416122,19.154674,-99.162459
40,AJU,7,10.692063492063491,,13.495495495495495,19.154674,-99.162459
41,AJU,8,14.1553911205074,,14.859964093357272,19.154674,-99.162459
42,AJU,9,25.694179894179893,,14.327305605786618,19.154674,-99.162459
43,AJU,10,37.22104144527099,,13.499065420560747,19.154674,-99.162459
44,AJU,11,43.84,,19.4981884057971,19.154674,-99.162459
45,AJU,12,51.70594594594595,,24.86387434554974,19.154674,-99.162459
46,AJU,13,60.47891891891892,,27.110535405872195,19.154674,-99.162459
47,AJU,14,68.42703862660944,,26.917525773195877,19.154674,-99.162459
48,AJU,15,72.74946466809422,,25.808290155440414,19.154674,-99.162459
49,AJU,16,72.2771855010661,,24.809931506849313,19.154674,-99.162459
50,AJU,17,67.84132055378062,,24.23063683304647,19.154674,-99.162459
51,AJU,18,59.224119530416225,,23.915807560137456,19.154674,-99.162459
52,AJU,19,46.31149301825994,,23.901893287435456,19.154674,-99.162459
53,AJU,20,35.241711229946524,,21.38245614035088,19.154674,-99.162459
54,AJU,21,27.63957219251337,,16.97508896797153,19.154674,-99.162459
55,AJU,22,22.317596566523605,,15.061705989110708,19.154674,-99.162459
56,AJU,23,18.54741379310345,,14.796610169491526,19.154674,-99.162459
57,ATI,0,15.235173824130879,29.257771038665656,,19.576963,-99.254133
58,ATI,1,15.452064896755163,26.358333333333334,,19.576963,-99.254133
59,ATI,7,3.3665785997357993,48.96467195385725,,19.576963,-99.254133
60,ATI,8,5.04227212681638,65.26532083633742,,19.576963,-99.254133
61,ATI,9,12.421750663129973,57.957059679767106,,19.576963,-99.254133
62,ATI,10,22.560646900269543,52.05592841163311,,19.576963,-99.254133
63,ATI,11,34.116311080523054,48.992383853769994,,19.576963,-99.254133
64,ATI,12,46.189690721649484,45.31534309946029,,19.576963,-99.254133
65,ATI,13,56.79023383768914,39.07704280155642,,19.576963,-99.254133
66,ATI,14,62.93392370572207,37.4768875192604,,19.576963,-99.254133
67,ATI,15,63.638888888888886,39.66153846153846,,19.576963,-99.254133
68,ATI,16,60.23735670937289,40.74662668665667,,19.576963,-99.254133
69,ATI,17,52.78234501347709,45.702560240963855,,19.576963,-99.254133
70,ATI,18,41.92379679144385,49.5260029717682,,19.576963,-99.254133
71,ATI,19,30.251664447403463,51.98975859546452,,19.576963,-99.254133
72,ATI,20,22.979986657771846,48.77407407407407,,19.576963,-99.254133
73,ATI,21,18.79960053262317,42.440852314474654,,19.576963,-99.254133
74,ATI,22,16.32667997338656,38.24539425202653,,19.576963,-99.254133
75,ATI,23,15.296469020652898,33.468796433878154,,19.576963,-99.254133
76,BJU,0,13.779156327543424,31.277001270648032,18.088832487309645,19.371612,-99.15896900000001
77,BJU,1,13.107994389901823,30.087517934002868,17.992826398852223,19.371612,-99.15896900000001
78,BJU,7,3.337278106508876,38.90974729241877,22.537906137184116,19.371612,-99.15896900000001
79,BJU,8,5.29112426035503,45.65587529976019,25.100719424460433,19.371612,-99.15896900000001
80,BJU,9,11.366113744075829,50.90108564535585,29.455971049457176,19.371612,-99.15896900000001
81,BJU,10,21.941247002398082,55.68658536585366,34.045121951219514,19.371612,-99.15896900000001
82,BJU,11,36.76184690157959,57.99003735990038,36.89788293897883,19.371612,-99.15896900000001
83,BJU,12,53.354957160342714,56.12185929648241,36.46859296482412,19.371612,-99.15896900000001
84,BJU,13,67.85941320293398,52.28035043804756,33.92991239048811,19.371612,-99.15896900000001
85,BJU,14,76.57766990291262,48.52912019826518,31.03717472118959,19.371612,-99.15896900000001
86,BJU,15,77.86111111111111,46.54207920792079,28.192069392812886,19.371612,-99.15896900000001
87,BJU,16,73.23353293413173,45.018427518427515,25.627306273062732,19.371612,-99.15896900000001
88,BJU,17,63.80286738351254,44.31533742331288,23.58159509202454,19.371612,-99.15896900000001
89,BJU,18,49.10739856801909,42.556650246305416,20.852216748768473,19.371612,-99.15896900000001
90,BJU,19,33.97735399284863,41.07560975609756,19.090243902439024,19.371612,-99.15896900000001
91,BJU,20,24.158145065398337,38.80992736077482,18.624697336561745,19.371612,-99.15896900000001
92,BJU,21,19.3492252681764,37.02657004830918,18.554347826086957,19.371612,-99.15896900000001
93,BJU,22,16.581644815256258,35.09673518742443,18.619105199516323,19.371612,-99.15896900000001
94,BJU,23,14.910501193317423,33.413625304136254,18.431873479318735,19.371612,-99.15896900000001
95,CAM,0,9.103643216080402,39.37863372093023,20.970203488372093,19.468404,-99.169794
96,CAM,1,8.688356164383562,38.81205951448708,21.537979639780737,19.468404,-99.169794
97,CAM,7,2.0652041438147473,56.13573407202216,28.61288088642659,19.468404,-99.169794
98,CAM,8,3.563758389261745,66.1673611111111,31.763194444444444,19.468404,-99.169794
99,CAM,9,8.406384284837323,67.73995771670191,34.830866807610995,19.468404,-99.169794
100,CAM,10,17.64881693648817,68.47326589595376,38.301300578034684,19.468404,-99.169794
101,CAM,11,31.370393900889454,66.07369196757553,38.84524686809138,19.468404,-99.169794
102,CAM,12,47.18262523779328,61.25036927621861,36.72525849335303,19.468404,-99.169794
103,CAM,13,60.85489949748744,56.316520467836256,33.60818713450293,19.468404,-99.169794
104,CAM,14,68.56035021888681,52.527272727272724,30.758545454545455,19.468404,-99.169794
105,CAM,15,68.78911564625851,49.796561604584525,28.03868194842407,19.468404,-99.169794
106,CAM,16,63.19471744471745,48.626068376068375,25.782763532763532,19.468404,-99.169794
107,CAM,17,53.69773145309626,48.93461265103056,24.54868514570007,19.468404,-99.169794
108,CAM,18,39.81399631675875,48.05618776671408,22.507112375533428,19.468404,-99.169794
109,CAM,19,25.59816513761468,48.63793103448276,21.81824712643678,19.468404,-99.169794
110,CAM,20,18.130806845965772,45.18692253020611,20.465529495380242,19.468404,-99.169794
111,CAM,21,14.411117898594991,42.32673267326733,20.494342291371993,19.468404,-99.169794
112,CAM,22,11.55440097799511,40.851590106007066,20.894699646643108,19.468404,-99.169794
113,CAM,23,9.928921568627452,40.16525423728814,21.03319209039548,19.468404,-99.169794
114,CCA,0,13.886200716845877,,14.739829706717124,19.3262,-99.1761
115,CCA,1,13.735384615384616,,15.66181410974244,19.3262,-99.1761
116,CCA,7,3.367012089810017,,16.723327305605785,19.3262,-99.1761
117,CCA,8,4.749566724436741,,17.6497277676951,19.3262,-99.1761
118,CCA,9,11.162911611785095,,18.18521897810219,19.3262,-99.1761
119,CCA,10,22.12129144851658,,20.875925925925927,19.3262,-99.1761
120,CCA,11,36.63886424134871,,23.455307262569832,19.3262,-99.1761
121,CCA,12,52.24821428571428,,23.24108818011257,19.3262,-99.1761
122,CCA,13,66.17441860465117,,21.339640491958374,19.3262,-99.1761
123,CCA,14,75.20426287744228,,19.786579683131407,19.3262,-99.1761
124,CCA,15,76.89122807017544,,18.376036866359446,19.3262,-99.1761
125,CCA,16,72.74303135888502,,18.057904411764707,19.3262,-99.1761
126,CCA,17,63.694250871080136,,18.259871441689622,19.3262,-99.1761
127,CCA,18,50.63835376532399,,18.78538812785388,19.3262,-99.1761
128,CCA,19,35.821522309711284,,18.34608378870674,19.3262,-99.1761
129,CCA,20,25.698952879581153,,17.60928961748634,19.3262,-99.1761
130,CCA,21,19.623036649214658,,16.66757741347905,19.3262,-99.1761
131,CCA,22,16.236681222707425,,16.23701002734731,19.3262,-99.1761
132,CCA,23,14.368558951965065,,16.03290676416819,19.3262,-99.1761
133,CHO,0,15.61474888747616,33.91035441278666,,19.266948,-98.886088
134,CHO,1,14.257796257796258,31.867749419953597,,19.266948,-98.886088
135,CHO,7,4.032138442521632,64.32981530343008,,19.266948,-98.886088
136,CHO,8,5.738699690402477,81.7475280158207,,19.266948,-98.886088
137,CHO,9,13.308074534161491,77.52816434724983,,19.266948,-98.886088
138,CHO,10,25.747474747474747,64.87813134732566,,19.266948,-98.886088
139,CHO,11,39.666666666666664,57.161937716262976,,19.266948,-98.886088
140,CHO,12,51.760230179028135,51.719054242002784,,19.266948,-98.886088
141,CHO,13,59.2157490396927,50.79195561719833,,19.266948,-98.886088
142,CHO,14,61.95238095238095,53.81147540983606,,19.266948,-98.886088
143,CHO,15,60.88923851478918,58.43367003367003,,19.266948,-98.886088
144,CHO,16,57.720100187852225,61.71215207060421,,19.266948,-98.886088
145,CHO,17,54.02824858757062,63.1267700606878,,19.266948,-98.886088
146,CHO,18,48.609893550407016,62.586161011310715,,19.266948,-98.886088
147,CHO,19,39.782227784730914,55.64218958611482,,19.266948,-98.886088
148,CHO,20,30.242785445420328,50.13391655450875,,19.266948,-98.886088
149,CHO,21,23.183125,48.580428954423596,,19.266948,-98.886088
150,CHO,22,19.096875,43.06973595125254,,19.266948,-98.886088
151,CHO,23,16.9874686716792,38.21569965870307,,19.266948,-98.886088
152,CUA,0,21.164698570540708,24.6951871657754,,19.365313,-99.291705
153,CUA,1,21.053571428571427,23.627484874675886,,19.365313,-99.291705
154,CUA,7,9.799301919720769,27.461971830985917,,19.365313,-99.291705
155,CUA,8,12.464098073555167,32.09180790960452,,19.365313,-99.291705
156,CUA,9,19.684395090590296,33.186488388458834,,19.365313,-99.291705
157,CUA,10,27.457965902410347,34.92429704397981,,19.365313,-99.291705
158,CUA,11,37.1961375980688,37.44631117604091,,19.365313,-99.291705
159,CUA,12,48.28415961305925,39.637226277372264,,19.365313,-99.291705
160,CUA,13,59.089928057553955,40.52517985611511,,19.365313,-99.291705
161,CUA,14,66.79845880260818,41.06107954545455,,19.365313,-99.291705
162,CUA,15,70.4861845972957,41.474612129760224,,19.365313,-99.291705
163,CUA,16,67.32432432432432,41.80804516584333,,19.365313,-99.291705
164,CUA,17,59.36619718309859,40.83864118895966,,19.365313,-99.291705
165,CUA,18,48.357394366197184,40.71680790960452,,19.365313,-99.291705
166,CUA,19,35.79073856975381,38.712765957446805,,19.365313,-99.291705
167,CUA,20,28.38605741066198,35.94138670478913,,19.365313,-99.291705
168,CUA,21,25.21774664331582,31.498936924167257,,19.365313,-99.291705
169,CUA,22,22.88649592549476,28.931866572036906,,19.365313,-99.291705
170,CUA,23,21.683536940081442,27.100852272727273,,19.365313,-99.291705
171,CUT,0,10.293082524271844,46.02721563154222,,19.722186,-99.198602
172,CUT,1,8.434840425531915,42.52424942263279,,19.722186,-99.198602
173,CUT,7,2.931764705882353,73.68258238063214,,19.722186,-99.198602
174,CUT,8,4.828419811320755,104.39809782608695,,19.722186,-99.198602
175,CUT,9,11.197879858657243,88.99451679232351,,19.722186,-99.198602
176,CUT,10,21.191666666666666,70.79293628808864,,19.722186,-99.198602
177,CUT,11,33.728267477203644,59.694855532064835,,19.722186,-99.198602
178,CUT,12,45.38339438339438,46.48051948051948,,19.722186,-99.198602
179,CUT,13,52.9480757483201,37.255830903790084,,19.722186,-99.198602
180,CUT,14,56.659600242277406,35.91144708423326,,19.722186,-99.198602
181,CUT,15,57.21068427370948,39.276998597475455,,19.722186,-99.198602
182,CUT,16,54.775,44.56413793103448,,19.722186,-99.198602
183,CUT,17,49.13265913146936,51.722298221614224,,19.722186,-99.198602
184,CUT,18,40.05760095011876,60.600680272108846,,19.722186,-99.198602
185,CUT,19,29.388557806912992,66.46295037389531,,19.722186,-99.198602
186,CUT,20,21.998810939357906,65.1509817197021,,19.722186,-99.198602
187,CUT,21,18.24274718768502,58.25050505050505,,19.722186,-99.198602
188,CUT,22,15.47069271758437,53.66419919246299,,19.722186,-99.198602
189,CUT,23,12.592658377738307,50.098105548037886,,19.722186,-99.198602
190,FAC,0,15.904819277108434,28.738245614035087,,19.482473,-99.243524
191,FAC,1,15.60223537146614,25.24230769230769,,19.482473,-99.243524
192,FAC,7,4.0508474576271185,48.09652002626395,,19.482473,-99.243524
193,FAC,8,5.502043199065966,63.416775884665796,,19.482473,-99.243524
194,FAC,9,11.648886283704572,55.44804765056254,,19.482473,-99.243524
195,FAC,10,20.800354400472536,52.18169672678691,,19.482473,-99.243524
196,FAC,11,33.566966966966966,47.83287858117326,,19.482473,-99.243524
197,FAC,12,47.352444176222086,40.92941176470588,,19.482473,-99.243524
198,FAC,13,59.063816977724265,37.70264623955432,,19.482473,-99.243524
199,FAC,14,67.125,37.09140893470791,,19.482473,-99.243524
200,FAC,15,69.2379821958457,38.54489795918367,,19.482473,-99.243524
201,FAC,16,65.22333529758397,40.888440860215056,,19.482473,-99.243524
202,FAC,17,56.934156378600825,47.361872909698995,,19.482473,-99.243524
203,FAC,18,44.056958308866704,52.08626410086264,,19.482473,-99.243524
204,FAC,19,30.495882352941177,52.244015957446805,,19.482473,-99.243524
205,FAC,20,22.525603296056502,49.2508338892595,,19.482473,-99.243524
206,FAC,21,18.729460093896712,43.42752171008684,,19.482473,-99.243524
207,FAC,22,16.968933177022276,37.755837224816545,,19.482473,-99.243524
208,FAC,23,16.376394597768645,32.95107238605898,,19.482473,-99.243524
209,GAM,0,12.532846715328468,,22.532567049808428,19.4827,-99.094517
210,GAM,1,11.388797364085667,,23.051063829787235,19.4827,-99.094517
211,GAM,7,3.4652777777777777,,31.40357142857143,19.4827,-99.094517
212,GAM,8,5.493036211699164,,33.63799283154122,19.4827,-99.094517
213,GAM,9,11.487430167597765,,38.25090909090909,19.4827,-99.094517
214,GAM,10,22.856942496493687,,42.56088560885609,19.4827,-99.094517
215,GAM,11,39.23076923076923,,43.330882352941174,19.4827,-99.094517
216,GAM,12,56.71509971509972,,41.00735294117647,19.4827,-99.094517
217,GAM,13,69.6163610719323,,35.985074626865675,19.4827,-99.094517
218,GAM,14,75.25457102672293,,29.639405204460967,19.4827,-99.094517
219,GAM,15,75.0827489481066,,25.922794117647058,19.4827,-99.094517
220,GAM,16,70.2586926286509,,23.40221402214022,19.4827,-99.094517
221,GAM,17,61.728155339805824,,21.956043956043956,19.4827,-99.094517
222,GAM,18,49.332867132867136,,21.488970588235293,19.4827,-99.094517
223,GAM,19,34.90642458100559,,20.339483394833948,19.4827,-99.094517
224,GAM,20,25.848951048951047,,19.101083032490976,19.4827,-99.094517
225,GAM,21,20.850558659217878,,19.21014492753623,19.4827,-99.094517
226,GAM,22,16.653089887640448,,20.310469314079423,19.4827,-99.094517
227,GAM,23,13.891701828410689,,21.294964028776977,19.4827,-99.094517
228,HGM,0,11.327020202020202,34.2847965738758,19.472519628836544,19.411617,-99.152207
229,HGM,1,10.796361091672498,33.35993740219092,19.55399061032864,19.411617,-99.152207
230,HGM,7,2.655621301775148,43.02251655629139,25.058940397350995,19.411617,-99.152207
231,HGM,8,4.460035523978686,50.55379537953795,28.157095709570957,19.411617,-99.152207
232,HGM,9,9.706722189173112,57.15922718187875,32.60226515656229,19.411617,-99.152207
233,HGM,10,19.16806220095694,61.38654891304348,36.958559782608695,19.411617,-99.152207
234,HGM,11,32.96212583995113,62.10189739985945,39.00140548137737,19.411617,-99.152207
235,HGM,12,48.53169230769231,59.664051355206844,38.63409415121255,19.411617,-99.152207
236,HGM,13,62.3979217603912,54.3825018076645,34.94215473608099,19.411617,-99.152207
237,HGM,14,70.0248635536689,50.584172661870504,32.0,19.411617,-99.152207
238,HGM,15,69.77924415116976,48.67123287671233,29.260994953136265,19.411617,-99.152207
239,HGM,16,63.82608695652174,46.673850574712645,26.119971264367816,19.411617,-99.152207
240,HGM,17,54.55184743742551,45.8394528437725,24.110151187904968,19.411617,-99.152207
241,HGM,18,42.08982748364069,44.333807829181495,21.969395017793595,19.411617,-99.152207
242,HGM,19,29.36682520808561,41.983960948396096,20.149232914923292,19.411617,-99.152207
243,HGM,20,20.801903628792385,39.52792915531335,19.06198910081744,19.411617,-99.152207
244,HGM,21,16.574569221628046,37.22748815165877,18.924170616113745,19.411617,-99.152207
245,HGM,22,13.906714200831848,35.786244099797706,19.035064059339177,19.411617,-99.152207
246,HGM,23,12.023767082590613,34.920805369127514,19.026845637583893,19.411617,-99.152207
247,INN,0,27.198263386396526,17.417525773195877,12.487972508591065,19.291968,-99.38052
248,INN,1,27.295269168026103,16.137864077669903,11.72233009708738,19.291968,-99.38052
249,INN,7,24.153739612188367,12.123388581952117,8.469613259668508,19.291968,-99.38052
250,INN,8,24.569908814589667,12.761029411764707,8.71875,19.291968,-99.38052
251,INN,9,28.666666666666668,15.652991452991452,10.287179487179488,19.291968,-99.38052
252,INN,10,35.56328233657858,17.45144804088586,11.146507666098808,19.291968,-99.38052
253,INN,11,40.67045454545455,19.89625850340136,12.38265306122449,19.291968,-99.38052
254,INN,12,46.74431818181818,23.892491467576793,14.621160409556314,19.291968,-99.38052
255,INN,13,54.65428571428571,27.816638370118845,17.237691001697794,19.291968,-99.38052
256,INN,14,61.64416315049226,30.512647554806072,18.920741989881957,19.291968,-99.38052
257,INN,15,66.0126050420168,33.177330895795244,20.636197440585008,19.291968,-99.38052
258,INN,16,65.97239263803681,34.875,21.473214285714285,19.291968,-99.38052
259,INN,17,60.383008356545965,33.52059308072488,20.42998352553542,19.291968,-99.38052
260,INN,18,52.71629213483146,31.442434210526315,19.10032894736842,19.291968,-99.38052
261,INN,19,42.61258741258741,27.970443349753694,17.54679802955665,19.291968,-99.38052
262,INN,20,34.86731843575419,26.178688524590164,16.61639344262295,19.291968,-99.38052
263,INN,21,30.317482517482517,23.983498349834985,15.592409240924093,19.291968,-99.38052
264,INN,22,27.72663877266388,21.61487603305785,14.573553719008265,19.291968,-99.38052
265,INN,23,27.31578947368421,19.269607843137255,13.468954248366012,19.291968,-99.38052
266,IZT,0,10.761274804570053,30.03467492260062,,19.384413,-99.117641
267,IZT,1,10.433267587113741,31.87962340282448,,19.384413,-99.117641
268,IZT,7,2.8296382730455076,38.25134328358209,,19.384413,-99.117641
269,IZT,8,4.657694558221182,40.99039039039039,,19.384413,-99.117641
270,IZT,9,10.316872427983538,41.926799758015726,,19.384413,-99.117641
271,IZT,10,20.854578096947936,45.42255266418835,,19.384413,-99.117641
272,IZT,11,35.72997572815534,46.87125,,19.384413,-99.117641
273,IZT,12,52.164433617539586,43.557776389756405,,19.384413,-99.117641
274,IZT,13,65.90398550724638,37.53551575046325,,19.384413,-99.117641
275,IZT,14,73.83909415971395,33.868872549019606,,19.384413,-99.117641
276,IZT,15,73.33057362507392,32.81591737545565,,19.384413,-99.117641
277,IZT,16,66.84861028976937,34.32383262583384,,19.384413,-99.117641
278,IZT,17,56.85655253837072,37.44002411091019,,19.384413,-99.117641
279,IZT,18,43.103529411764704,40.32329921733895,,19.384413,-99.117641
280,IZT,19,28.82762691853601,41.516616314199396,,19.384413,-99.117641
281,IZT,20,20.266313932980598,40.11104405552203,,19.384413,-99.117641
282,IZT,21,15.824468085106384,36.35666867833434,,19.384413,-99.117641
283,IZT,22,12.64896755162242,33.347642079806526,,19.384413,-99.117641
284,IZT,23,11.258844339622641,31.242296072507553,,19.384413,-99.117641
285,LLA,0,12.08844884488449,,,19.578792,-99.039644
286,LLA,1,11.971656976744185,,,19.578792,-99.039644
287,LLA,7,2.725590299936184,,,19.578792,-99.039644
288,LLA,8,4.653452685421995,,,19.578792,-99.039644
289,LLA,9,10.466666666666667,,,19.578792,-99.039644
290,LLA,10,21.485751295336787,,,19.578792,-99.039644
291,LLA,11,36.547981469225675,,,19.578792,-99.039644
292,LLA,12,50.74570673712021,,,19.578792,-99.039644
293,LLA,13,60.270502645502646,,,19.578792,-99.039644
294,LLA,14,65.00720838794233,,,19.578792,-99.039644
295,LLA,15,65.29442282749676,,,19.578792,-99.039644
296,LLA,16,61.11089619600258,,,19.578792,-99.039644
297,LLA,17,52.85456885456885,,,19.578792,-99.039644
298,LLA,18,41.67989756722151,,,19.578792,-99.039644
299,LLA,19,29.487129987129986,,,19.578792,-99.039644
300,LLA,20,22.600641025641025,,,19.578792,-99.039644
301,LLA,21,18.37082262210797,,,19.578792,-99.039644
302,LLA,22,14.944015444015443,,,19.578792,-99.039644
303,LLA,23,12.533548387096774,,,19.578792,-99.039644
304,LPR,0,16.570093457943926,,,19.534727,-99.11772
305,LPR,1,15.643582640812557,,,19.534727,-99.11772
306,LPR,7,4.136963696369637,,,19.534727,-99.11772
307,LPR,8,6.315136476426799,,,19.534727,-99.11772
308,LPR,9,12.327227310574521,,,19.534727,-99.11772
309,LPR,10,22.22138047138047,,,19.534727,-99.11772
310,LPR,11,36.080341880341884,,,19.534727,-99.11772
311,LPR,12,50.409246575342465,,,19.534727,-99.11772
312,LPR,13,60.445762711864404,,,19.534727,-99.11772
313,LPR,14,64.40454163162322,,,19.534727,-99.11772
314,LPR,15,63.36120401337793,,,19.534727,-99.11772
315,LPR,16,59.243718592964825,,,19.534727,-99.11772
316,LPR,17,52.04121110176619,,,19.534727,-99.11772
317,LPR,18,41.83711167086482,,,19.534727,-99.11772
318,LPR,19,31.998331943286072,,,19.534727,-99.11772
319,LPR,20,25.742762613730356,,,19.534727,-99.11772
320,LPR,21,21.699004975124378,,,19.534727,-99.11772
321,LPR,22,18.629660314830158,,,19.534727,-99.11772
322,LPR,23,17.278973509933774,,,19.534727,-99.11772
323,MER,0,8.598757763975156,43.35425383542538,21.177824267782427,19.42461,-99.119594
324,MER,1,8.10952380952381,42.84935654806964,21.839515518546555,19.42461,-99.119594
325,MER,7,2.0109636468551644,59.08698412698413,30.303492063492065,19.42461,-99.119594
326,MER,8,3.552023121387283,66.35664335664336,32.66497139224412,19.42461,-99.119594
327,MER,9,8.223447475333721,69.53782051282052,35.17051282051282,19.42461,-99.119594
328,MER,10,17.32764705882353,72.03723056825604,38.78772044415415,19.42461,-99.119594
329,MER,11,30.740873728306404,70.82266666666666,39.658,19.42461,-99.119594
330,MER,12,46.451593505712566,65.63868368032236,37.29012760241773,19.42461,-99.119594
331,MER,13,60.11926058437686,60.035546613011405,33.68477531857813,19.42461,-99.119594
332,MER,14,66.96994696523277,55.807076101468624,30.255006675567422,19.42461,-99.119594
333,MER,15,66.02335084646819,53.968666666666664,27.371333333333332,19.42461,-99.119594
334,MER,16,59.71329077190946,53.07446808510638,25.315824468085108,19.42461,-99.119594
335,MER,17,50.02843876958793,53.32114361702128,23.61901595744681,19.42461,-99.119594
336,MER,18,36.87077997671711,52.82878081279147,21.651565622918053,19.42461,-99.119594
337,MER,19,24.243731778425655,52.617259552042164,20.607378129117258,19.42461,-99.119594
338,MER,20,17.41443538998836,50.36028928336621,20.38198553583169,19.42461,-99.119594
339,MER,21,13.70267131242741,47.0658838878017,20.340508806262232,19.42461,-99.119594
340,MER,22,11.005813953488373,45.11929595827901,20.479791395045634,19.42461,-99.119594
341,MER,23,9.334109429569267,44.48140900195695,21.091324200913242,19.42461,-99.119594
342,MGH,0,13.092929292929293,26.962321792260692,17.370672097759673,19.40405,-99.202603
343,MGH,1,12.22183908045977,26.032332563510394,17.34526558891455,19.40405,-99.202603
344,MGH,7,2.4720616570327554,35.63362487852284,23.35374149659864,19.40405,-99.202603
345,MGH,8,4.3426640926640925,39.916342412451364,24.729571984435797,19.40405,-99.202603
346,MGH,9,10.241312741312742,44.62193927522037,27.29480901077375,19.40405,-99.202603
347,MGH,10,19.687866927592957,49.24575424575425,31.136863136863138,19.40405,-99.202603
348,MGH,11,32.87051792828685,50.76643073811931,33.40546006066734,19.40405,-99.202603
349,MGH,12,48.016966067864274,49.16138917262513,33.038815117466804,19.40405,-99.202603
350,MGH,13,61.1395812562313,45.90927624872579,30.924566768603466,19.40405,-99.202603
351,MGH,14,69.83677482792527,44.14949494949495,29.645454545454545,19.40405,-99.202603
352,MGH,15,71.3828125,41.74726368159204,27.0,19.40405,-99.202603
353,MGH,16,65.73196881091619,39.47666335650447,24.211519364448858,19.40405,-99.202603
354,MGH,17,55.92878048780488,37.81386138613861,21.736633663366337,19.40405,-99.202603
355,MGH,18,42.35957240038873,36.280632411067195,19.712450592885375,19.40405,-99.202603
356,MGH,19,28.630709426627796,34.92512315270936,18.461083743842366,19.40405,-99.202603
357,MGH,20,20.74757281553398,32.64152791380999,17.82664054848188,19.40405,-99.202603
358,MGH,21,17.519922254616134,30.405484818805093,17.41332027424094,19.40405,-99.202603
359,MGH,22,15.25438596491228,29.12684365781711,17.43559488692232,19.40405,-99.202603
360,MGH,23,13.737769080234834,28.11527093596059,17.644334975369457,19.40405,-99.202603
361,MON,0,16.015193370165747,,,19.460415,-98.902853
362,MON,1,13.832219747587231,,,19.460415,-98.902853
363,MON,7,4.073950699533644,,,19.460415,-98.902853
364,MON,8,5.944669365721997,,,19.460415,-98.902853
365,MON,9,14.676351351351352,,,19.460415,-98.902853
366,MON,10,27.883321894303364,,,19.460415,-98.902853
367,MON,11,40.92727272727273,,,19.460415,-98.902853
368,MON,12,51.70695713281799,,,19.460415,-98.902853
369,MON,13,58.89570119802678,,,19.460415,-98.902853
370,MON,14,62.077455048409405,,,19.460415,-98.902853
371,MON,15,61.86757679180887,,,19.460415,-98.902853
372,MON,16,59.24983119513842,,,19.460415,-98.902853
373,MON,17,54.2246963562753,,,19.460415,-98.902853
374,MON,18,47.30960376091336,,,19.460415,-98.902853
375,MON,19,39.21990585070612,,,19.460415,-98.902853
376,MON,20,32.999328408327735,,,19.460415,-98.902853
377,MON,21,28.125503355704698,,,19.460415,-98.902853
378,MON,22,23.309906291834004,,,19.460415,-98.902853
379,MON,23,19.012137559002024,,,19.460415,-98.902853
380,MPA,0,31.4896331738437,26.732209737827716,16.275280898876403,19.1769,-98.990189
381,MPA,1,30.096363636363638,24.582978723404256,15.304255319148936,19.1769,-98.990189
382,MPA,7,25.16036308623298,23.37347294938918,15.260034904013962,19.1769,-98.990189
383,MPA,8,25.54090909090909,27.043630017452006,16.965095986038396,19.1769,-98.990189
384,MPA,9,29.625189681335357,31.608465608465607,19.832451499118164,19.1769,-98.990189
385,MPA,10,37.06269113149847,38.45323741007194,23.802158273381295,19.1769,-98.990189
386,MPA,11,47.338509316770185,42.285714285714285,25.430379746835442,19.1769,-98.990189
387,MPA,12,57.58255451713396,44.09506398537477,25.937842778793417,19.1769,-98.990189
388,MPA,13,66.80715396578537,46.76470588235294,26.47610294117647,19.1769,-98.990189
389,MPA,14,73.06163328197226,48.07272727272727,26.485454545454544,19.1769,-98.990189
390,MPA,15,74.73700305810398,46.66487455197132,25.093189964157705,19.1769,-98.990189
391,MPA,16,73.0670731707317,44.34038800705467,22.855379188712522,19.1769,-98.990189
392,MPA,17,69.7112462006079,41.66548672566372,22.120353982300884,19.1769,-98.990189
393,MPA,18,63.39269406392694,41.84014209591474,21.47779751332149,19.1769,-98.990189
394,MPA,19,55.045801526717554,40.53202846975089,21.160142348754448,19.1769,-98.990189
395,MPA,20,48.13435114503817,37.94954954954955,20.216216216216218,19.1769,-98.990189
396,MPA,21,42.306748466257666,34.42908438061041,19.15798922800718,19.1769,-98.990189
397,MPA,22,37.39541984732824,31.9087656529517,18.499105545617173,19.1769,-98.990189
398,MPA,23,33.523664122137404,30.05903398926655,18.019677996422182,19.1769,-98.990189
399,NEZ,0,11.471116816431323,,17.553866490416393,19.393734,-99.028212
400,NEZ,1,12.024630541871922,,21.23985507246377,19.393734,-99.028212
401,NEZ,7,3.346875,,24.3596214511041,19.393734,-99.028212
402,NEZ,8,5.3933708567854906,,25.44339025932954,19.393734,-99.028212
403,NEZ,9,11.937735849056605,,26.404079031230083,19.393734,-99.028212
404,NEZ,10,23.12253968253968,,29.47890979883193,19.393734,-99.028212
405,NEZ,11,37.90757381258023,,30.252139565503622,19.393734,-99.028212
406,NEZ,12,52.099805573558,,27.068347710683476,19.393734,-99.028212
407,NEZ,13,62.09237726098191,,22.356810631229237,19.393734,-99.028212
408,NEZ,14,66.2665808113329,,19.157057654075548,19.393734,-99.028212
409,NEZ,15,65.72507936507937,,17.948060486522024,19.393734,-99.028212
410,NEZ,16,61.4801261829653,,18.287849252761532,19.393734,-99.028212
411,NEZ,17,53.425518541797615,,18.845061329890253,19.393734,-99.028212
412,NEZ,18,42.63322884012539,,19.02116741500962,19.393734,-99.028212
413,NEZ,19,30.759119496855345,,18.892049127343245,19.393734,-99.028212
414,NEZ,20,22.558490566037737,,18.546213093709884,19.393734,-99.028212
415,NEZ,21,17.274386406545,,17.63484945547726,19.393734,-99.028212
416,NEZ,22,13.74215809284818,,17.494878361075543,19.393734,-99.028212
417,NEZ,23,11.910344827586206,,17.307642903018625,19.393734,-99.028212
418,PED,0,16.140163419233186,30.598300970873787,16.87257281553398,19.325146,-99.204136
419,PED,1,17.13573407202216,27.68051948051948,15.805194805194805,19.325146,-99.204136
420,PED,7,5.665687426556992,32.12444444444444,17.093333333333334,19.325146,-99.204136
421,PED,8,6.752510336680449,40.3046357615894,19.519867549668874,19.325146,-99.204136
422,PED,9,12.945454545454545,46.83756906077348,24.034254143646407,19.325146,-99.204136
423,PED,10,22.75490779298037,53.060335195530726,28.04581005586592,19.325146,-99.204136
424,PED,11,36.367691380349605,55.74318181818182,30.601136363636364,19.325146,-99.204136
425,PED,12,51.56189320388349,54.71903669724771,30.702981651376145,19.325146,-99.204136
426,PED,13,65.31280193236715,54.85223367697594,31.277205040091637,19.325146,-99.204136
427,PED,14,74.57322929171669,53.383654937570945,30.203178206583427,19.325146,-99.204136
428,PED,15,76.73643867924528,51.39842873176207,27.607182940516275,19.325146,-99.204136
429,PED,16,72.60908018867924,49.827468785471055,25.438138479001136,19.325146,-99.204136
430,PED,17,63.64369846878681,48.539592760180994,23.702488687782804,19.325146,-99.204136
431,PED,18,50.57218621096052,45.735565819861435,21.484988452655887,19.325146,-99.204136
432,PED,19,36.08151210868281,43.349943374858434,20.03510758776897,19.325146,-99.204136
433,PED,20,26.79456906729634,40.5472972972973,19.14752252252252,19.325146,-99.204136
434,PED,21,20.970570924072984,38.04342984409799,18.85857461024499,19.325146,-99.204136
435,PED,22,17.222025912838635,35.795530726256985,18.427932960893855,19.325146,-99.204136
436,PED,23,15.572947430596574,33.79596412556054,17.807174887892376,19.325146,-99.204136
437,SAG,0,13.098159509202453,38.84803921568628,19.769607843137255,19.532968,-99.030324
438,SAG,1,13.144101876675602,38.83676582761251,20.68649885583524,19.532968,-99.030324
439,SAG,7,3.103903903903904,55.8167115902965,27.703504043126685,19.532968,-99.030324
440,SAG,8,4.799638989169675,65.22072678331091,30.25841184387618,19.532968,-99.030324
441,SAG,9,10.67030303030303,68.48737201365188,32.78566552901024,19.532968,-99.030324
442,SAG,10,21.69160583941606,65.25104311543811,34.35326842837274,19.532968,-99.030324
443,SAG,11,36.06505576208178,60.501066098081026,33.7818052594172,19.532968,-99.030324
444,SAG,12,49.648648648648646,53.194524495677236,29.654178674351584,19.532968,-99.030324
445,SAG,13,58.796727501573315,47.456537618699784,25.485756026296567,19.532968,-99.030324
446,SAG,14,63.185625,44.58541815582559,22.54467476769121,19.532968,-99.030324
447,SAG,15,63.128553770086526,45.039660056657226,21.385977337110482,19.532968,-99.030324
448,SAG,16,58.76085626911315,46.19609211444522,20.45778087927425,19.532968,-99.030324
449,SAG,17,50.93992718446602,48.930362116991645,19.624651810584957,19.532968,-99.030324
450,SAG,18,39.88861985472155,50.97751229796205,19.191848208011244,19.532968,-99.030324
451,SAG,19,27.75317604355717,50.79102384291725,18.96914446002805,19.532968,-99.030324
452,SAG,20,20.48431845597105,47.997900629811056,18.788663400979708,19.532968,-99.030324
453,SAG,21,16.728915662650603,43.815426997245176,19.198347107438018,19.532968,-99.030324
454,SAG,22,14.225437010247138,41.01098146877145,19.18805765271105,19.532968,-99.030324
455,SAG,23,13.148282097649187,39.63204951856947,19.379642365887207,19.532968,-99.030324
456,SFE,0,18.205052005943536,27.215064420218038,15.437066402378592,19.357357,-99.262865
457,SFE,1,18.57429718875502,25.505330490405118,14.901918976545842,19.357357,-99.262865
458,SFE,7,6.387978142076503,32.075421472937,16.479148181011535,19.357357,-99.262865
459,SFE,8,8.762132604237868,36.855743544078365,17.788958147818345,19.357357,-99.262865
460,SFE,9,17.64109589041096,37.89363636363636,19.881818181818183,19.357357,-99.262865
461,SFE,10,26.88719723183391,43.26616682286785,24.0,19.357357,-99.262865
462,SFE,11,37.83595988538682,48.52918287937743,27.61964980544747,19.357357,-99.262865
463,SFE,12,50.45545260156807,50.737354085603116,29.49124513618677,19.357357,-99.262865
464,SFE,13,62.65669515669516,51.86531007751938,30.04263565891473,19.357357,-99.262865
465,SFE,14,71.17932489451476,52.947623666343354,30.463627546071773,19.357357,-99.262865
466,SFE,15,73.84411969380655,51.861111111111114,29.28065134099617,19.357357,-99.262865
467,SFE,16,69.81384083044982,49.324929971988794,26.62558356676004,19.357357,-99.262865
468,SFE,17,60.67537826685007,46.80185185185185,24.006481481481483,19.357357,-99.262865
469,SFE,18,48.049416609471514,44.269444444444446,21.826851851851853,19.357357,-99.262865
470,SFE,19,33.81099656357388,41.70018281535649,19.853747714808044,19.357357,-99.262865
471,SFE,20,25.587105624142662,38.16847826086956,18.22644927536232,19.357357,-99.262865
472,SFE,21,22.280906593406595,34.80633484162896,17.29864253393665,19.357357,-99.262865
473,SFE,22,19.80563186813187,32.20035938903863,16.748427672955973,19.357357,-99.262865
474,SFE,23,18.419421487603305,29.814713896457764,16.3197093551317,19.357357,-99.262865
475,TAH,0,18.21326042378674,35.2953488372093,,19.246459,-99.010564
476,TAH,1,17.363503649635035,32.38345864661654,,19.246459,-99.010564
477,TAH,7,7.6048652202498355,40.97766570605187,,19.246459,-99.010564
478,TAH,8,8.546534653465347,56.04693140794224,,19.246459,-99.010564
479,TAH,9,15.538155275381552,59.27603787327021,,19.246459,-99.010564
480,TAH,10,28.591946308724832,49.45679939894816,,19.246459,-99.010564
481,TAH,11,43.05665529010239,42.84700315457413,,19.246459,-99.010564
482,TAH,12,55.72808833678399,38.64510913500404,,19.246459,-99.010564
483,TAH,13,65.59437199725463,39.02593192868719,,19.246459,-99.010564
484,TAH,14,71.00747282608695,39.59501557632399,,19.246459,-99.010564
485,TAH,15,71.37289278489548,40.73781902552204,,19.246459,-99.010564
486,TAH,16,68.6041388518024,43.34099616858238,,19.246459,-99.010564
487,TAH,17,63.70046697798532,47.1254724111867,,19.246459,-99.010564
488,TAH,18,56.13235294117647,52.83925925925926,,19.246459,-99.010564
489,TAH,19,47.03070761014686,53.24755455229496,,19.246459,-99.010564
490,TAH,20,37.78112449799197,51.70873786407767,,19.246459,-99.010564
491,TAH,21,29.592666666666666,49.453183520599254,,19.246459,-99.010564
492,TAH,22,23.846,43.48610067618332,,19.246459,-99.010564
493,TAH,23,19.948769128409847,39.01581325301205,,19.246459,-99.010564
494,TLA,0,10.673228346456693,42.01009316770186,20.847049689440993,19.529077,-99.204597
495,TLA,1,10.731778425655977,40.21668099742046,21.072226999140156,19.529077,-99.204597
496,TLA,7,2.526187576126675,56.21423487544484,26.898220640569395,19.529077,-99.204597
497,TLA,8,4.2250453720508165,68.20380818053597,30.703102961918194,19.529077,-99.204597
498,TLA,9,9.055855855855857,76.02026554856744,35.801537386443044,19.529077,-99.204597
499,TLA,10,17.829326923076923,78.42587412587413,39.761538461538464,19.529077,-99.204597
500,TLA,11,30.10990338164251,75.10113154172561,39.6973125884017,19.529077,-99.204597
501,TLA,12,44.043609933373716,67.81997187060479,36.322784810126585,19.529077,-99.204597
502,TLA,13,56.463488231744115,61.53188507358094,32.571128241065175,19.529077,-99.204597
503,TLA,14,63.52821128451381,57.76998597475456,30.02454417952314,19.529077,-99.204597
504,TLA,15,64.46524064171123,54.05112044817927,26.764005602240896,19.529077,-99.204597
505,TLA,16,60.26194690265487,53.28330995792427,25.13884992987377,19.529077,-99.204597
506,TLA,17,51.87684148497348,53.28089887640449,23.438904494382022,19.529077,-99.204597
507,TLA,18,39.34376845835794,53.89343683839097,22.12773465067043,19.529077,-99.204597
508,TLA,19,25.51455733808675,54.50319829424307,21.158493248045488,19.529077,-99.204597
509,TLA,20,18.07425149700599,52.005718370264475,20.877055039313795,19.529077,-99.204597
510,TLA,21,14.598429951690822,48.8415770609319,21.00931899641577,19.529077,-99.204597
511,TLA,22,12.018214936247723,46.7431654676259,21.214388489208634,19.529077,-99.204597
512,TLA,23,10.861773700305811,44.69898697539797,21.321997105643995,19.529077,-99.204597
513,TLI,0,12.097674418604651,38.63982746225737,,19.602542,-99.177173
514,TLI,1,11.534334763948499,35.69592476489028,,19.602542,-99.177173
515,TLI,7,2.6954574536148432,59.846779661016946,,19.602542,-99.177173
516,TLI,8,4.530429212043562,73.30549898167006,,19.602542,-99.177173
517,TLI,9,9.937740693196405,77.18642906100068,,19.602542,-99.177173
518,TLI,10,20.115359688917692,71.02097902097903,,19.602542,-99.177173
519,TLI,11,34.29030144167759,59.5036231884058,,19.602542,-99.177173
520,TLI,12,48.5244708994709,46.21853805576488,,19.602542,-99.177173
521,TLI,13,58.4782034346103,35.510802469135804,,19.602542,-99.177173
522,TLI,14,63.537352555701176,32.40622568093385,,19.602542,-99.177173
523,TLI,15,63.38095238095238,34.42572741194487,,19.602542,-99.177173
524,TLI,16,59.69805194805195,38.75397973950796,,19.602542,-99.177173
525,TLI,17,52.300970873786405,45.65449438202247,,19.602542,-99.177173
526,TLI,18,41.58451612903226,51.552083333333336,,19.602542,-99.177173
527,TLI,19,29.132731958762886,58.47793103448276,,19.602542,-99.177173
528,TLI,20,21.242268041237114,58.102617079889804,,19.602542,-99.177173
529,TLI,21,17.49515816655907,50.0013783597519,,19.602542,-99.177173
530,TLI,22,14.676546391752577,45.58864265927978,,19.602542,-99.177173
531,TLI,23,12.75436328377505,42.959468902865126,,19.602542,-99.177173
532,UAX,0,12.699397590361446,,19.416666666666668,19.304441,-99.103629
533,UAX,1,12.316034597471724,,20.351117519826964,19.304441,-99.103629
534,UAX,7,3.1173814898419865,,23.628059701492536,19.304441,-99.103629
535,UAX,8,4.987556561085973,,23.16966426858513,19.304441,-99.103629
536,UAX,9,12.380225988700564,,20.076876513317192,19.304441,-99.103629
537,UAX,10,24.678612059158134,,21.718362282878413,19.304441,-99.103629
538,UAX,11,39.81101449275362,,23.522988505747126,19.304441,-99.103629
539,UAX,12,55.269499417927825,,23.830026455026456,19.304441,-99.103629
540,UAX,13,67.86577571179546,,21.51763907734057,19.304441,-99.103629
541,UAX,14,74.91035280508964,,18.495575221238937,19.304441,-99.103629
542,UAX,15,75.150401836969,,16.98054996646546,19.304441,-99.103629
543,UAX,16,69.98115362649915,,17.5016077170418,19.304441,-99.103629
544,UAX,17,61.6505955757232,,18.709577114427862,19.304441,-99.103629
545,UAX,18,50.668555240793204,,19.975859987929994,19.304441,-99.103629
546,UAX,19,37.946266968325794,,21.477531455961653,19.304441,-99.103629
547,UAX,20,28.729898074745186,,21.94311377245509,19.304441,-99.103629
548,UAX,21,22.857951329937748,,22.01377245508982,19.304441,-99.103629
549,UAX,22,17.7955832389581,,21.602040816326532,19.304441,-99.103629
550,UAX,23,14.239660056657224,,21.139240506329113,19.304441,-99.103629
551,UIZ,0,11.341071428571428,39.00330033003301,20.56105610561056,19.360794,-99.07388
552,UIZ,1,11.20481144343303,38.422142214221424,21.339333933393338,19.360794,-99.07388
553,UIZ,7,3.2772963604852685,48.95094031071137,26.806214227309894,19.360794,-99.07388
554,UIZ,8,5.246225319396051,56.877149877149876,29.125307125307124,19.360794,-99.07388
555,UIZ,9,11.469458987783595,61.67380560131796,32.42257001647447,19.360794,-99.07388
556,UIZ,10,22.138379657007686,65.36779661016949,36.74915254237288,19.360794,-99.07388
557,UIZ,11,36.63942307692308,65.67850953206239,38.33275563258232,19.360794,-99.07388
558,UIZ,12,52.5,61.07972270363951,36.39774696707106,19.360794,-99.07388
559,UIZ,13,65.03968731208658,55.86724137931034,32.97155172413793,19.360794,-99.07388
560,UIZ,14,71.84675014907573,52.22991452991453,29.453846153846154,19.360794,-99.07388
561,UIZ,15,71.51752822341058,50.43370402053037,26.575705731394354,19.360794,-99.07388
562,UIZ,16,66.22294500295683,49.752348420153716,24.645602049530314,19.360794,-99.07388
563,UIZ,17,57.12831077104179,49.861512319456246,22.864061172472386,19.360794,-99.07388
564,UIZ,18,45.4620811287478,48.817796610169495,21.326271186440678,19.360794,-99.07388
565,UIZ,19,32.51875732708089,47.532544378698226,19.89010989010989,19.360794,-99.07388
566,UIZ,20,24.015780245470484,44.28500414250207,19.230323115161557,19.360794,-99.07388
567,UIZ,21,18.412039742840445,41.954657873042045,19.43363561417972,19.360794,-99.07388
568,UIZ,22,14.357142857142858,40.51655629139073,19.826158940397352,19.360794,-99.07388
569,UIZ,23,12.007571345369831,39.74214876033058,20.207438016528926,19.360794,-99.07388
570,VIF,0,14.091401489505754,50.326071169208426,,19.658223,-99.09659
571,VIF,1,12.98109090909091,46.21657544956998,,19.658223,-99.09659
572,VIF,7,3.765512736773351,73.26240652617267,,19.658223,-99.09659
573,VIF,8,6.308300395256917,87.95601374570447,,19.658223,-99.09659
574,VIF,9,13.268902038132808,84.8177374301676,,19.658223,-99.09659
575,VIF,10,24.537843268586737,73.05861581920904,,19.658223,-99.09659
576,VIF,11,38.70114170584285,60.58506819813353,,19.658223,-99.09659
577,VIF,12,51.467207572684245,45.89423076923077,,19.658223,-99.09659
578,VIF,13,59.67342799188641,38.08640120210368,,19.658223,-99.09659
579,VIF,14,63.615591397849464,38.25333333333333,,19.658223,-99.09659
580,VIF,15,63.98005319148936,42.25376344086021,,19.658223,-99.09659
581,VIF,16,60.582,48.5351617440225,,19.658223,-99.09659
582,VIF,17,53.76994680851064,57.06986591390261,,19.658223,-99.09659
583,VIF,18,44.24750499001996,64.70754052149401,,19.658223,-99.09659
584,VIF,19,32.48209549071618,74.45249824067558,,19.658223,-99.09659
585,VIF,20,24.48314606741573,67.22980501392757,,19.658223,-99.09659
586,VIF,21,20.3245382585752,56.57142857142857,,19.658223,-99.09659
587,VIF,22,17.445616348055374,54.01672473867596,,19.658223,-99.09659
588,VIF,23,15.313117996044825,51.932357043235704,,19.658223,-99.09659
589,XAL,0,12.189929891650733,53.591949486977114,24.9629044988161,19.525995,-99.0824
590,XAL,1,11.518181818181818,53.1286701208981,25.892918825561313,19.525995,-99.0824
591,XAL,7,3.8652019002375297,102.885,43.162142857142854,19.525995,-99.0824
592,XAL,8,5.464922711058264,114.22675250357653,46.77396280400572,19.525995,-99.0824
593,XAL,9,10.376042908224075,109.46420824295011,48.49096167751265,19.525995,-99.0824
594,XAL,10,19.787567893783947,98.80457227138643,48.10398230088496,19.525995,-99.0824
595,XAL,11,32.66687004270897,89.53691275167785,46.15212527964206,19.525995,-99.0824
596,XAL,12,45.863247863247864,77.3754674644727,39.84293193717277,19.525995,-99.0824
597,XAL,13,54.78366849482023,65.9124251497006,32.625,19.525995,-99.0824
598,XAL,14,58.4445118253487,58.97470238095238,27.801339285714285,19.525995,-99.0824
599,XAL,15,57.95858343337335,57.943578322197475,25.27839643652561,19.525995,-99.0824
600,XAL,16,53.89088729016787,59.21649484536083,23.943298969072163,19.525995,-99.0824
601,XAL,17,46.242061114439785,62.91336270190896,23.448604992657856,19.525995,-99.0824
602,XAL,18,36.5310633213859,66.44721407624634,22.263196480938415,19.525995,-99.0824
603,XAL,19,26.765727980826842,66.41892883345561,22.00733675715334,19.525995,-99.0824
604,XAL,20,20.265354800238523,61.724871606749815,21.639765223771093,19.525995,-99.0824
605,XAL,21,16.857142857142858,56.95537673738113,22.149231894659838,19.525995,-99.0824
606,XAL,22,14.473967684021543,54.831120943952804,23.057522123893804,19.525995,-99.0824
607,XAL,23,13.256594724220623,53.65345080763583,23.72173274596182,19.525995,-99.0824
