id,O3_anual_f
"5171",37.820261
"3337",37.820261
"4280",37.671950
"7494",37.671950
"3024",37.820261
"9272",37.671950
"640",37.671950
"5384",37.671950
"4955",37.820261
"7088",37.671950
"2609",37.820261
"1643",37.820261
"1024",37.820261
"975",39.195582
"3832",37.820261
"7827",39.195582
"8388",37.820261
"4183",39.195582
"132",37.820261
"9780",37.820261
"6396",37.820261
"2594",37.671950
"2260",36.260375
"5881",39.195582
"1651",36.260375
"1253",37.367037
"723",37.671950
"7829",37.820261
"9277",37.671950
"3550",37.367037
"4839",37.671950
"9410",37.820261
"2741",37.820261
"4574",37.671950
"4038",37.820261
"9253",37.367037
"8562",34.896737
"9552",37.367037
"384",36.260375
"4534",37.367037
"9283",37.820261
"2172",37.820261
"8040",39.195582
"8564",37.367037
"7991",37.367037
"9833",39.195582
"8536",39.195582
"4699",37.524501
"1980",37.671950
"4455",36.260375
"5994",39.195582
"9539",37.367037
"8953",37.671950
"7304",36.260375
"7736",39.195582
"589",37.671950
"5554",37.367037
"633",37.367037
"2306",39.170947
"1244",37.671950
"8247",37.367037
"7356",39.195582
"4897",37.524501
"1099",37.367037
"4405",39.195582
"6252",37.367037
"2343",34.235452
"6132",36.260375
"9653",36.260375
"4227",37.367037
"7006",39.195582
"9316",38.990823
"8122",39.170947
"3287",37.524501
"313",37.671950
"6971",39.195582
"314",34.896737
"5374",39.195582
"5460",39.170947
"8344",39.195582
"474",39.195582
"9032",36.005067
"9155",37.524501
"3526",34.896737
"5294",36.260375
"8461",37.671950
"2125",38.990823
"9185",37.524501
"1816",38.990823
"9721",37.367037
"1310",37.367037
"694",38.990823
"9729",39.170947
"5132",39.170947
"1061",38.990823
"8131",37.367037
"443",37.671950
"7193",37.671950
"5154",39.195582
"7708",37.524501
"9000",37.671950
"1694",36.005067
"3648",39.170947
"4069",39.170947
"3863",37.367037
"1325",36.005067
"2320",39.195582
"9312",36.005067
"4122",34.235452
"4734",39.195582
"4758",37.524501
"1125",34.235452
"7598",37.524501
"2573",37.367037
"8416",34.896737
"9144",34.896737
"4452",38.990823
"8146",38.990823
"4498",36.005067
"648",38.990823
"9200",36.260375
"9777",34.235452
"2169",38.990823
"7137",38.990823
"4459",38.990823
"9186",34.235452
"8121",39.195582
"6095",39.195582
"6585",37.367037
"4113",37.524501
"6011",39.170947
"4231",37.524501
"6618",36.260375
"1336",39.195582
"7764",36.005067
"7271",39.170947
"4883",39.195582
"6519",39.195582
"9746",37.367037
"764",39.170947
"162",38.990823
"2807",38.990823
"6611",39.195582
"1177",36.005067
"3160",37.524501
"5758",34.533739
"4461",36.005067
"6313",39.195582
"5157",39.195582
"479",39.195582
"3830",37.524501
"5924",37.671950
"2124",39.170947
"1614",34.235452
"5372",36.005067
"3886",37.524501
"1521",36.005067
"1850",36.005067
"8324",36.260375
"1922",34.896737
"7931",34.235452
"4874",34.235452
"7861",34.896737
"2441",36.005067
"2975",38.990823
"2604",37.524501
"2607",34.235452
"4094",34.896737
"3403",38.990823
"8541",39.195582
"6799",36.005067
"4330",36.005067
"2389",38.990823
"5493",38.990823
"1575",36.005067
"5990",34.896737
"7559",34.896737
"4951",34.896737
"7609",38.990823
"1393",36.005067
"1423",37.524501
"8612",37.524501
"2580",38.990823
"4118",34.533739
"7662",36.005067
"9045",38.990823
"5275",38.990823
"1514",38.990823
"8183",36.005067
"3587",39.195582
"8232",37.524501
"9133",36.260375
"354",38.990823
"6715",39.170947
"6584",36.005067
"3776",36.005067
"7916",39.195582
"7993",36.260375
"8571",36.005067
"2528",38.990823
"2901",34.896737
"5542",39.195582
"39",36.005067
"4827",34.235452
"4075",38.990823
"5075",36.260375
"1801",39.195582
"6287",34.533739
"5778",39.170947
"9717",39.170947
"9897",39.195582
"2761",38.990823
"4197",37.524501
"6428",37.524501
"5112",34.896737
"4706",38.990823
"2173",34.896737
"7879",38.990823
"8392",36.260375
"8201",38.990823
"7801",34.896737
"3603",36.005067
"7822",37.524501
"6334",39.195582
"7279",36.005067
"9462",37.524501
"489",34.235452
"2025",39.195582
"2011",37.524501
"6857",36.005067
"9982",36.005067
"2476",36.005067
"5098",36.005067
"940",36.005067
"6698",38.990823
"1572",38.990823
"8870",34.896737
"4481",34.235452
"7050",34.533739
"7739",34.533739
"3646",34.533739
"2627",38.990823
"3030",36.005067
"3856",36.005067
"1171",36.260375
"2801",40.205087
"7930",38.990823
"8234",38.990823
"9534",39.195582
"1216",34.896737
"6528",38.990823
"3786",38.990823
"5664",38.990823
"9853",38.990823
"1896",39.170947
"8096",34.896737
"818",38.990823
"7769",34.533739
"8591",34.533739
"9425",39.195582
"7984",33.825580
"5497",34.896737
"6615",37.524501
"6223",39.195582
"6315",36.260375
"3275",34.896737
"4469",39.487331
"3594",39.487331
"8948",39.487331
"2532",39.487331
"9803",35.462349
"6681",36.005067
"2541",34.533739
"3374",34.235452
"493",39.195582
"5342",38.990823
"7585",38.990823
"8158",39.487331
"5883",38.990823
"9075",36.005067
"4598",39.170947
"3440",36.005067
"5866",35.462349
"8434",39.170947
"6979",39.170947
"3039",34.533739
"9175",39.170947
"9304",38.495798
"7385",35.462349
"4030",36.005067
"5177",36.005067
"4796",37.524501
"7230",34.235452
"2496",35.462349
"9841",33.825580
"2153",39.195582
"7839",39.195582
"9289",39.170947
"6802",38.990823
"8268",39.487331
"103",34.896737
"3869",34.533739
"2910",39.195582
"6118",37.524501
"9373",39.487331
"2656",34.896737
"6191",36.005067
"9076",34.235452
"1378",38.990823
"260",39.487331
"4729",39.195582
"7543",35.462349
"9492",34.235452
"2527",34.896737
"3517",38.169824
"9556",36.005067
"704",39.487331
"6451",34.533739
"8239",36.260375
"171",34.896737
"2877",39.487331
"8465",38.495798
"9548",34.533739
"8577",38.990823
"6320",34.533739
"5213",36.005067
"6820",34.235452
"8641",39.170947
"9123",33.825580
"2424",35.462349
"6489",35.462349
"405",36.005067
"6474",38.990823
"1829",35.462349
"386",39.170947
"8229",34.896737
"8252",34.533739
"3653",34.533739
"949",36.005067
"3194",38.990823
"7115",38.990823
"9560",39.195582
"7554",39.378776
"9095",34.533739
"377",35.462349
"1745",38.460272
"2393",38.434017
"9488",33.825580
"5600",34.533739
"3964",38.990823
"7974",39.170947
"3713",34.533739
"3625",33.825580
"4258",34.533739
"7252",36.005067
"8734",38.460272
"5025",39.378776
"3590",35.462349
"2547",36.005067
"125",35.462349
"8758",35.462349
"6837",39.487331
"6865",34.533739
"6178",35.462349
"8724",36.260375
"575",33.825580
"1988",35.462349
"8036",35.462349
"7536",33.825580
"562",34.896737
"1353",35.462349
"7895",39.378776
"5042",38.495798
"6642",36.005067
"6811",39.378776
"6562",33.825580
"3937",33.825580
"2954",36.005067
"3635",35.462349
"422",39.378776
"737",38.460272
"4698",38.460272
"5466",33.825580
"8441",34.533739
"8058",36.005067
"3292",39.487331
"498",34.533739
"1435",38.990823
"3704",36.005067
"2118",39.005246
"9364",38.495798
"7964",39.487331
"1506",39.487331
"301",37.170252
"6019",36.260375
"8907",39.378776
"9382",39.378776
"5344",39.487331
"398",39.378776
"7757",35.462349
"1255",34.533739
"1709",36.005067
"8283",36.005067
"1034",33.825580
"5563",39.378776
"6414",39.378776
"7722",38.495798
"7051",39.378776
"3663",39.378776
"3711",39.378776
"8673",34.896737
"5549",36.005067
"2465",35.462349
"4132",39.378776
"9",34.533739
"1093",36.005067
"5743",37.170252
"4321",35.462349
"8031",36.005067
"2912",35.462349
"8587",34.533739
"7043",35.462349
"7921",39.378776
"1623",34.533739
"9764",34.533739
"3093",34.235452
"3144",39.378776
"951",39.510984
"4354",37.170252
"7197",35.462349
"2093",34.533739
"304",37.269706
"6280",35.462349
"6731",35.462349
"6008",39.378776
"1904",39.378776
"558",37.170252
"4465",37.822025
"5839",39.005246
"4016",39.378776
"5863",36.966273
"6423",34.283492
"8689",34.533739
"5728",35.462349
"9646",39.378776
"7520",39.378776
"7069",38.990823
"9962",37.822025
"4487",33.825580
"6982",39.378776
"5078",39.378776
"9260",35.462349
"2225",35.462349
"1201",39.378776
"7266",39.378776
"6440",39.378776
"464",33.825580
"906",34.533739
"9116",34.533739
"7180",34.533739
"6896",37.269706
"3600",37.269706
"7740",33.825580
"7584",34.235452
"2294",34.533739
"9197",34.283492
"9524",33.845505
"7319",37.170252
"2895",37.170252
"1905",39.378776
"2012",39.378776
"3421",38.495798
"4090",33.825580
"355",33.845505
"2166",37.170252
"9296",38.495798
"401",38.495798
"661",38.495798
"3399",35.462349
"4319",37.269706
"5956",36.966273
"6352",39.378776
"6739",39.378776
"3448",39.378776
"424",34.235452
"2611",35.462349
"4301",39.378776
"7208",39.378776
"7046",37.269706
"6758",35.095905
"3777",39.378776
"5898",33.845505
"6372",36.005067
"8639",35.095905
"1880",39.378776
"1261",36.005067
"9098",38.495798
"4557",39.378776
"9709",39.378776
"8132",35.095905
"7308",35.095905
"1727",39.378776
"644",36.005067
"7451",33.845505
"4622",36.005067
"2767",35.095905
"9829",38.495798
"18",39.378776
"6284",39.378776
"5110",39.378776
"1079",35.095905
"8117",39.378776
"599",37.098303
"4679",37.170252
"8678",33.845505
"3747",37.269706
"358",37.269706
"6238",37.170252
"2768",34.533739
"2179",35.095905
"5825",35.095905
"3822",33.845505
"8310",37.170252
"5740",39.378776
"6630",37.170252
"6262",35.095905
"6065",39.378776
"4454",39.378776
"885",37.269706
"6471",39.005246
"7021",39.378776
"4857",33.845505
"9834",39.378776
"9085",33.845505
"4647",39.378776
"4430",39.378776
"1286",35.462349
"69",34.235452
"7547",38.495798
"6518",35.462349
"8203",39.378776
"2200",33.845505
"3873",35.095905
"4193",33.845505
"8421",33.845505
"1124",38.495798
"4506",35.462349
"4587",39.378776
"8070",39.378776
"4324",39.378776
"1405",34.235452
"411",35.095905
"2483",38.495798
"655",33.845505
"4295",35.095905
"7441",38.495798
"4007",37.269706
"802",35.095905
"8102",39.378776
"3200",34.235452
"1955",37.170252
"4892",35.462349
"7395",33.845505
"9041",35.095905
"6682",39.378776
"9128",35.544100
"3985",38.495798
"1971",38.495798
"1737",39.378776
"1352",39.378776
"3087",34.235452
"1845",34.235452
"9265",37.170252
"1226",39.378776
"4727",39.378776
"5569",35.462349
"1017",39.378776
"385",35.095905
"5228",37.269706
"9723",39.378776
"3111",39.378776
"6415",37.269706
"1190",33.845505
"4155",37.269706
"9756",39.510984
"8364",37.269706
"5579",35.462349
"5473",33.845505
"1613",39.005246
"7498",35.095905
"2070",35.544100
"6219",33.845505
"4767",39.378776
"7939",33.845505
"5086",39.378776
"9351",38.495798
"6335",37.269706
"7535",35.095905
"3921",39.378776
"9456",39.378776
"7612",35.462349
"4162",35.095905
"2709",39.378776
"9293",37.170252
"8384",39.378776
"1028",33.845505
"6361",33.845505
"6400",39.005246
"3426",39.005246
"7734",39.005246
"1365",33.845505
"2596",39.378776
"5879",35.095905
"7855",35.462349
"4991",34.627916
"7506",38.495798
"1826",39.005246
"4170",35.462349
"289",35.095905
"9505",37.269706
"914",37.170252
"4261",37.170252
"4713",37.170252
"1861",39.378776
"19",39.378776
"1015",35.095905
"3299",38.495798
"54",34.235452
"3805",35.544100
"8358",39.378776
"3955",34.235452
"2342",35.462349
"8623",35.462349
"1581",33.845505
"6675",33.845505
"2724",38.495798
"735",38.495798
"7596",39.378776
"267",35.462349
"4831",35.095905
"8828",38.495798
"2760",34.235452
"2174",35.462349
"1615",39.378776
"2487",35.095905
"4303",33.845505
"845",39.378776
"9413",39.005246
"9125",35.095905
"2515",38.495798
"4008",39.378776
"3154",39.510984
"5895",39.005246
"9620",35.462349
"9867",35.462349
"9043",39.510984
"4067",35.095905
"8492",39.005246
"4098",39.378776
"652",39.378776
"4363",33.646697
"3104",33.845505
"1990",38.495798
"2521",38.495798
"2075",35.095905
"9741",38.495798
"180",38.495798
"6531",35.095905
"8799",35.462349
"4907",35.095905
"6003",33.845505
"8066",39.378776
"5149",39.378776
"3504",38.495798
"9360",33.845505
"6209",37.269706
"908",37.170252
"8484",35.095905
"646",35.095905
"1828",37.269706
"4872",35.095905
"987",39.510984
"2603",39.510984
"8227",40.291159
"531",39.378776
"744",39.378776
"6376",35.462349
"195",35.095905
"3627",35.095905
"8014",39.378776
"7515",33.845505
"9656",37.170252
"7116",35.544100
"7422",39.378776
"554",35.462349
"3664",35.462349
"665",37.921281
"3666",39.005246
"3417",35.462349
"1743",33.845505
"392",39.378776
"29",38.495798
"9821",38.495798
"5126",34.235452
"6645",39.378776
"7029",35.462349
"7982",33.845505
"8292",39.378776
"7122",39.378776
"6151",39.378776
"4837",35.462349
"1251",39.378776
"7428",35.095905
"2674",35.095905
"7211",39.510984
"3053",35.437714
"1172",37.921281
"172",33.845505
"9918",39.378776
"7001",33.845505
"1392",33.845505
"2120",35.095905
"5558",37.921281
"7666",37.921281
"7711",33.646697
"5984",39.378776
"6525",39.378776
"1689",39.378776
"5667",39.378776
"6983",37.269706
"8804",37.921281
"5133",33.845505
"5864",38.495798
"576",33.845505
"3161",36.483505
"7038",39.378776
"570",39.378776
"9168",36.633661
"7030",39.005246
"7815",39.378776
"8376",35.095905
"362",35.462349
"7453",35.095905
"746",35.095905
"5893",40.291159
"8010",34.235452
"4690",38.495798
"3091",33.845505
"8954",33.845505
"1592",35.095905
"4533",39.378776
"5293",39.378776
"7448",39.378776
"8736",38.692029
"3621",39.378776
"8011",35.095905
"5464",39.378776
"2354",34.235452
"2243",35.462349
"6057",35.462349
"5310",33.845505
"8854",37.921281
"6553",38.495798
"2753",39.005246
"1556",37.921281
"6773",38.495798
"9984",38.692029
"4327",36.633661
"6914",36.305947
"7719",35.095905
"5200",33.845505
"482",35.437714
"5573",34.620550
"1699",35.095905
"907",39.005246
"7709",38.495798
"8744",38.692029
"3907",35.544100
"3497",35.437714
"1223",38.692029
"5615",38.692029
"5266",35.095905
"7613",36.633661
"6249",33.845505
"1044",39.378776
"8935",37.921281
"5173",39.005246
"1886",39.378776
"5108",34.698950
"1697",34.698950
"1343",34.235452
"2681",34.235452
"9084",35.462349
"3001",38.692029
"9340",33.845505
"5242",36.633661
"6359",34.230534
"9397",35.462349
"6407",33.845505
"611",38.692029
"5942",39.068595
"7656",37.921281
"6180",37.921281
"1760",38.692029
"1254",38.692029
"5684",33.704571
"4974",39.378776
"696",38.692029
"372",35.437714
"8706",34.620550
"7776",35.095905
"3962",38.692029
"1104",33.845505
"2570",35.095905
"3152",39.510984
"5737",37.921281
"4449",38.692029
"6550",35.095905
"770",33.845505
"2548",39.005246
"3007",38.692029
"918",35.095905
"7364",35.095905
"7953",35.544100
"6646",33.704571
"9073",35.462349
"3953",39.005246
"3027",33.845505
"6735",39.005246
"6928",34.235452
"9594",35.095905
"4325",36.483505
"2209",38.692029
"9424",38.495798
"9922",38.692029
"163",34.620550
"2423",35.095905
"7804",38.495798
"9067",36.483505
"6404",36.633661
"1580",33.845505
"5739",35.544100
"5858",34.620550
"7876",38.692029
"4516",37.921281
"8266",35.095905
"3277",33.845505
"7144",36.957522
"6870",38.692029
"1937",38.692029
"5030",35.437714
"4659",38.692029
"8026",35.095905
"8757",33.845505
"7917",38.495798
"4336",38.495798
"5790",38.495798
"6468",33.845505
"7109",34.235452
"2812",34.433210
"9506",36.957522
"5833",33.845505
"3159",35.095905
"8997",34.620550
"8204",33.845505
"2409",33.704571
"3431",39.510984
"6356",39.510984
"7299",35.095905
"6767",37.921281
"5443",37.921281
"7914",37.921281
"2361",38.495798
"4804",37.921281
"8851",34.433210
"3853",38.692029
"266",38.692029
"9927",38.692029
"3541",38.692029
"5492",36.633661
"1793",34.230534
"5781",38.692029
"1858",38.692029
"5001",33.845505
"6796",38.495798
"2347",38.495798
"7901",33.704571
"8995",35.095905
"1016",38.692029
"6297",38.692029
"1900",38.692029
"7212",35.095905
"1089",37.921281
"3459",33.704571
"5007",38.692029
"3371",35.095905
"9593",35.095905
"2678",38.692029
"6911",38.692029
"4626",33.085381
"2502",39.005246
"4741",38.495798
"1312",34.620550
"5143",39.005246
"6727",35.095905
"5298",33.704571
"8778",35.095905
"7303",36.957522
"8098",36.633661
"6556",34.433210
"6048",34.230534
"3422",34.230534
"9490",35.095905
"7519",33.845505
"1150",39.005246
"9879",33.704571
"9758",34.433210
"2900",34.433210
"7340",37.921281
"8220",38.692029
"4060",33.845505
"7814",36.633661
"2038",35.095905
"9403",38.692029
"8857",36.633661
"8952",37.921281
"3235",37.921281
"1169",34.230534
"7868",39.068595
"6060",37.921281
"9635",38.692029
"7816",33.704571
"6736",34.230534
"8941",34.433210
"437",38.692029
"4799",36.957522
"361",37.921281
"9650",35.095905
"4505",34.433210
"5847",38.495798
"3575",34.230534
"5873",38.495798
"6918",33.085381
"9533",33.085381
"9910",38.692029
"3986",33.085381
"7664",34.433210
"6532",38.692029
"5199",35.095905
"1377",35.095905
"6254",35.084715
"8420",33.845505
"9677",35.095905
"4592",38.692029
"2602",38.692029
"9796",37.815855
"4116",33.845505
"9225",38.692029
"7750",38.692029
"4395",38.495798
"5828",36.302130
"3445",36.302130
"5823",36.482254
"641",38.692029
"6608",38.692029
"5505",33.898148
"276",35.801932
"7123",37.000926
"9929",38.692029
"6760",39.068595
"5555",38.692029
"8202",39.005246
"4399",33.898148
"5295",33.898148
"1354",38.692029
"7793",37.282700
"9857",36.426409
"5380",35.801932
"6496",35.801932
"5135",38.203259
"5775",38.203259
"3703",38.692029
"9011",33.085381
"3676",33.085381
"8833",33.085381
"6158",33.085381
"9654",36.302130
"783",38.692029
"4221",38.692029
"8315",34.433210
"6037",35.084715
"64",38.692029
"3010",33.085381
"6968",33.704571
"4043",37.000926
"3634",36.426409
"957",38.692029
"9813",33.898148
"9761",38.203259
"9137",37.815855
"2196",34.433210
"5223",33.845505
"3188",34.433210
"8015",33.898148
"8750",38.692029
"3129",39.068595
"8359",32.268928
"6988",36.426409
"8298",36.426409
"3023",33.085381
"812",36.302130
"3859",38.692029
"7940",38.692029
"862",36.302130
"7485",37.815855
"9658",33.085381
"7803",33.085381
"1332",36.712090
"4621",34.720879
"574",35.524991
"1815",36.302130
"6447",36.712090
"1491",36.426409
"817",36.712090
"3356",35.046181
"3351",33.898148
"5249",38.692029
"5704",37.000926
"391",33.085381
"4660",36.644627
"9831",36.644627
"1604",38.692029
"9553",35.801932
"37",36.712090
"5541",33.085381
"4865",38.692029
"9302",36.712090
"6884",38.692029
"8646",36.302130
"4371",33.085381
"1722",36.712090
"5794",38.692029
"6945",38.692029
"5963",33.043233
"3879",38.692029
"3211",36.712090
"7090",33.051431
"6513",33.085381
"4383",33.043233
"4296",33.085381
"3632",33.898148
"3756",36.712090
"8983",36.426409
"5167",36.426409
"606",33.898148
"2128",36.644627
"5644",32.253652
"6308",33.043233
"9119",33.043233
"511",33.043233
"9714",33.043233
"9555",33.043233
"2648",36.712090
"2349",36.712090
"8231",35.046181
"3221",36.712090
"4629",33.051431
"5057",35.524991
"6709",33.051431
"6030",33.043233
"450",34.230534
"5216",35.046181
"2854",38.692029
"8129",38.692029
"456",33.043233
"1535",32.253652
"2919",33.257534
"9632",38.692029
"6995",36.712090
"6147",32.253652
"9191",33.257534
"8205",32.612211
"9443",38.692029
"9394",36.426409
"2976",36.712090
"5204",36.712090
"2464",36.712090
"6804",34.720879
"1362",36.426409
"9055",34.720879
"4561",38.692029
"4733",38.692029
"9259",36.302130
"2723",38.692029
"3037",34.512877
"6171",32.253652
"5490",32.253652
"5901",36.712090
"3240",36.712090
"449",36.712090
"8730",35.404354
"4222",33.043233
"7014",36.712090
"9697",33.257534
"3044",32.540101
"3461",33.542256
"9149",33.542256
"2963",35.289115
"9142",36.712090
"1648",36.712090
"9871",36.336650
"3902",33.898148
"689",37.658993
"3333",36.336650
"4009",33.043233
"5964",37.658993
"598",33.043233
"1174",33.043233
"270",32.253652
"4768",30.970745
"3429",32.108985
"2733",32.108985
"3496",31.017220
"1857",36.712090
"1267",36.336650
"8726",32.583529
"4730",32.253652
"5191",32.540101
"3525",37.658993
"7157",31.017220
"7561",37.658993
"851",32.583529
"4006",36.712090
"6192",36.712090
"70",36.712090
"1806",36.712090
"1565",36.712090
"6549",32.253652
"5806",32.540101
"3561",32.221635
"187",37.658993
"2941",32.540101
"809",32.205612
"9091",32.221635
"7419",32.221635
"2669",36.712090
"1837",36.336650
"4027",36.712090
"8051",33.199697
"416",37.697618
"6647",31.017220
"4205",31.017220
"3307",33.898148
"5194",35.404354
"2232",30.970745
"3005",30.085202
"890",32.540101
"5123",32.540101
"6054",30.970745
"82",32.583529
"5250",32.583529
"2150",30.970745
"8330",32.583529
"3963",36.712090
"2692",36.712090
"1959",30.970745
"5470",36.712090
"1340",32.205612
"2475",37.658993
"6905",32.788419
"7978",31.017220
"8971",30.970745
"9420",30.970745
"6963",30.970745
"7297",37.658993
"8452",31.803373
"8052",30.970745
"8449",32.583529
"7495",32.583529
"9659",32.583529
"2922",32.540101
"8262",33.199697
"9559",32.540101
"4814",36.712090
"8290",36.712090
"4773",30.970745
"8874",30.970745
"4483",30.970745
"835",36.336650
"7630",36.712090
"2572",29.631005
"199",30.911966
"3118",32.583529
"3490",32.583529
"9800",32.540101
"2958",30.085202
"9674",30.970745
"7019",30.970745
"9405",32.583529
"6879",36.712090
"4823",32.221635
"2158",36.712090
"4989",36.712090
"4482",30.970745
"9695",30.970745
"4375",30.911966
"7885",36.712090
"2113",36.712090
"9899",32.221635
"5447",33.898148
"4782",36.712090
"3934",30.970745
"2277",32.540101
"6305",36.712090
"2086",36.336650
"7562",36.712090
"156",30.970745
"1360",32.205612
"7684",35.202863
"131",37.697618
"564",30.750639
"247",32.540101
"2952",30.970745
"3532",35.202863
"1379",32.583529
"9096",35.202863
"1067",30.085202
"4906",30.236828
"3882",32.221635
"6784",32.221635
"3352",35.202863
"7314",36.862246
"4641",30.085202
"4471",30.085202
"2908",32.583529
"5655",30.911966
"5454",35.202863
"9543",32.540101
"581",35.202863
"4842",35.202863
"188",32.540101
"9108",32.221635
"1953",30.970745
"3097",33.199697
"4583",30.970745
"9438",32.788419
"9324",33.199697
"2625",32.540101
"7124",35.667708
"7298",32.583529
"1164",32.540101
"8892",37.697618
"7971",31.063858
"520",30.083696
"4855",35.667708
"5107",32.583529
"8319",35.202863
"5565",35.080701
"1032",32.583529
"2855",30.750639
"6834",33.199697
"8831",35.667708
"2020",30.486541
"3182",32.583529
"7025",32.959955
"9607",32.540101
"8974",35.667708
"214",35.202863
"968",35.805230
"28",35.202863
"7785",32.959955
"6045",35.667708
"4918",32.583529
"232",35.202863
"8459",35.667708
"5319",30.970745
"6097",33.158046
"3975",36.642561
"3636",35.667708
"7497",31.063858
"7161",30.083696
"3246",30.083696
"4791",35.667708
"2046",32.583529
"5951",35.667708
"904",32.540101
"6014",33.199697
"3734",32.583529
"1348",32.959955
"3812",32.959955
"6710",35.202863
"513",35.202863
"5153",36.642561
"941",32.540101
"3520",30.970745
"7851",30.085202
"1523",30.486541
"6683",30.720021
"1229",30.083696
"4745",32.540101
"8767",32.583529
"7573",32.583529
"4501",34.523609
"2242",30.085202
"8578",34.523609
"7217",29.631005
"7903",32.540101
"5841",32.959955
"1527",35.667708
"2863",35.667708
"7295",32.284448
"5284",32.540101
"3383",31.063858
"7508",32.540101
"7570",34.437489
"6888",30.720021
"5482",30.083696
"2639",30.486541
"3729",32.540101
"4673",32.959955
"6321",32.540101
"1560",32.017563
"2934",35.667708
"9172",35.667708
"2047",31.727089
"7460",32.540101
"4661",32.540101
"8233",30.083696
"7680",35.202863
"5999",32.959955
"7828",32.102557
"4247",32.959955
"2737",32.583529
"3203",30.279761
"3671",30.214812
"8617",32.540101
"1808",30.083696
"3957",30.083696
"4404",31.727089
"8498",35.202863
"8895",30.174620
"5602",34.523609
"7507",35.667708
"2224",32.959955
"9244",29.782897
"7616",32.284448
"2155",29.782897
"2040",30.720021
"7342",30.083696
"945",30.720021
"6052",30.720021
"5375",34.523609
"9007",32.017563
"7310",31.727089
"1337",32.959955
"1473",32.017563
"7146",34.924006
"2276",34.924006
"693",30.214812
"4217",32.540101
"7910",30.720021
"2017",30.720021
"6751",32.284448
"4563",32.284448
"2870",35.667708
"4276",30.486541
"8495",32.540101
"6821",32.540101
"5012",32.102557
"3685",35.667708
"2508",34.656966
"2216",30.083696
"1720",29.631005
"112",32.102557
"3706",32.102557
"7406",29.631005
"4168",32.959955
"3259",31.295413
"5593",32.017563
"9263",31.933537
"8401",31.951024
"3316",35.667708
"623",31.951024
"7923",35.667708
"2786",35.667708
"2310",30.925798
"6703",32.045742
"5547",31.295413
"6509",35.667708
"6892",35.667708
"2951",30.632082
"3767",35.667708
"3851",30.925798
"638",30.712341
"3384",31.137939
"4596",32.540101
"426",32.284448
"7865",30.083696
"4878",30.083696
"8978",32.137073
"6578",32.137073
"1656",32.284448
"521",32.284448
"8339",32.137073
"6954",35.667708
"3330",31.238305
"714",35.667708
"2204",32.137073
"3043",34.656966
"8584",30.231371
"43",30.231371
"8130",33.824885
"8329",31.951024
"7139",31.951024
"7456",32.284448
"9642",31.951024
"6864",32.137073
"2914",32.959955
"3804",30.083696
"2266",32.045742
"6302",32.045742
"3678",29.631005
"5694",34.523609
"742",30.083696
"994",32.284448
"4801",32.284448
"1484",30.925798
"3539",30.925798
"8048",31.335726
"7041",30.632082
"1134",30.083696
"8717",30.083696
"9193",32.137073
"2694",30.083696
"2564",32.284448
"2569",30.083696
"887",31.295413
"3944",32.284448
"7244",30.712341
"3642",30.925798
"7980",35.667708
"692",32.137073
"6491",31.951024
"6392",31.951024
"1603",31.295413
"573",30.231371
"4263",30.932881
"3689",32.137073
"710",30.508963
"9311",35.667708
"9511",30.083696
"7307",31.335726
"3011",34.591572
"2771",32.959955
"5662",35.667708
"501",34.591572
"8410",30.712341
"3579",32.284448
"130",30.632082
"1342",31.137939
"6620",35.667708
"3826",30.083696
"3865",32.137073
"3500",30.083696
"2808",30.083696
"5219",31.951024
"4171",30.083696
"113",31.137939
"3075",32.959955
"2783",31.137939
"4908",32.137073
"8881",33.824885
"5164",32.959955
"3843",31.951024
"5439",32.959955
"798",30.932881
"2431",35.667708
"8342",35.667708
"9870",31.295413
"161",35.667708
"877",33.824885
"4379",30.932881
"4781",30.925798
"7321",30.925798
"2822",34.656966
"8256",31.295413
"4275",32.102557
"6161",33.824885
"6742",31.846904
"6580",30.393058
"1956",32.045742
"2108",31.657669
"404",35.667708
"9150",35.667708
"6143",31.137939
"5320",31.137939
"2082",30.313180
"6429",35.667708
"5687",30.932881
"7893",30.313180
"778",31.084773
"1797",34.591572
"5906",34.656966
"3184",31.137939
"4915",31.516114
"3495",32.137073
"7372",34.591572
"8200",34.591572
"7487",31.657669
"8535",31.335726
"8365",31.295413
"7087",35.667708
"3720",32.045742
"9198",30.313180
"556",35.667708
"4738",31.137939
"4965",32.045742
"7950",34.591572
"8019",34.591572
"1364",32.045742
"8395",30.932881
"2115",30.393058
"9806",30.932881
"4611",30.545165
"1984",35.667708
"3769",33.625808
"6967",31.084773
"9669",31.084773
"9419",31.084773
"8863",30.472169
"5488",30.472169
"2663",30.393058
"2305",31.295413
"5148",32.045742
"3415",31.295413
"6110",35.667708
"2262",30.590727
"7326",35.667708
"5578",34.591572
"322",32.137073
"7121",30.313180
"6543",32.045742
"3939",30.925798
"6050",30.313180
"2793",29.533854
"4340",31.667785
"5661",31.657669
"9894",31.657669
"982",30.313180
"8753",34.656966
"1010",33.570995
"6591",30.313180
"6713",31.657669
"9623",32.137073
"402",31.657669
"6499",30.472169
"7753",30.572426
"1944",31.657669
"757",32.045742
"332",29.533854
"9161",35.667708
"5379",29.533854
"1576",33.077431
"1862",31.516114
"9596",30.308544
"1313",31.657669
"9692",29.533854
"454",29.998781
"3020",30.714551
"3133",31.563778
"612",29.998781
"9519",31.801166
"9204",32.137073
"9257",35.328704
"6169",35.399695
"3578",30.313180
"1283",31.563778
"639",29.998781
"3821",29.832912
"4244",30.612747
"781",31.801166
"8214",30.308544
"2554",30.590727
"2430",32.056819
"4798",31.175814
"5642",29.533854
"8789",31.518800
"7071",31.518800
"651",31.563778
"4422",29.832912
"9374",31.153481
"6565",30.257179
"5382",31.801166
"8426",31.563778
"4508",31.036654
"2446",31.619615
"9046",29.998781
"9229",29.998781
"3589",30.472169
"1934",31.153481
"1273",30.257179
"9140",32.064617
"5491",32.056819
"6887",31.563778
"7522",29.832912
"8590",31.518800
"8835",31.036654
"2814",33.584757
"4226",30.257179
"5371",29.832912
"4870",30.308544
"9928",31.563778
"5496",30.257179
"913",31.257278
"7459",31.563778
"7985",29.832912
"116",30.308544
"1844",31.563778
"8980",30.714551
"2748",30.308544
"1610",31.036654
"1718",30.612747
"7423",31.022317
"3891",31.563778
"9766",31.257278
"4640",31.257278
"3478",30.308544
"5749",33.456778
"8729",31.257278
"1466",31.563778
"9664",30.714551
"7848",33.584757
"6221",30.308544
"4259",31.022317
"9755",30.308544
"9344",31.295765
"4229",31.563778
"5358",33.584757
"3050",33.584757
"6574",30.714551
"3412",31.563778
"8741",31.563778
"6640",31.022317
"9892",31.563778
"9941",31.563778
"4014",33.584757
"7823",31.563778
"6815",32.064617
"8431",31.563778
"4593",31.563778
"6555",31.295765
"5958",31.486607
"3112",33.584757
"9917",31.139990
"3813",32.107420
"2331",33.584757
"7629",31.563778
"3170",30.714551
"4812",31.944305
"8135",31.257278
"8796",31.295765
"7555",31.257278
"2942",29.082071
"9002",30.714551
"6561",33.584757
"288",31.717966
"5927",31.257278
"3386",32.334713
"4702",33.584757
"7632",31.295765
"5872",32.490556
"6115",33.584757
"4650",31.257278
"2806",31.295765
"1087",31.257278
"6947",31.022317
"9243",31.022317
"5852",31.563778
"1549",31.790600
"6432",31.674602
"8824",31.257278
"4685",31.944305
"2736",31.563778
"1891",31.488639
"5560",31.944305
"8003",31.488639
"9006",33.584757
"4813",31.295765
"614",31.717966
"1978",33.584757
"4848",31.563778
"3829",30.308544
"7655",31.717966
"1208",29.082071
"7168",31.257278
"6374",31.790600
"8841",33.584757
"8883",31.257278
"8668",31.022317
"8387",31.022317
"6084",31.488639
"2292",31.295765
"5912",31.944305
"3709",31.790600
"6105",31.257278
"217",29.082071
"2371",30.308544
"1472",31.674602
"9990",31.479602
"6430",31.717966
"9599",33.584757
"9192",29.082071
"7530",31.022317
"621",32.490556
"4821",31.479602
"8124",31.944529
"2227",31.944529
"2137",33.584757
"8642",33.584757
"9233",31.022317
"1869",31.717966
"1139",31.022317
"536",31.488639
"1538",31.295765
"8982",31.944305
"8927",33.584757
"7247",31.488639
"9817",31.488639
"6768",33.584757
"121",33.584757
"283",29.082071
"3914",31.717966
"5880",33.584757
"9238",31.257278
"8354",33.584757
"2999",29.082071
"2978",31.022317
"2335",31.488639
"8110",33.584757
"9465",31.295765
"1532",31.717966
"6411",31.257278
"1945",33.584757
"3774",31.257278
"5543",29.082071
"3013",31.717966
"9223",31.944305
"2231",29.082071
"4411",29.082071
"6007",31.022317
"4957",30.308544
"3567",31.295765
"3505",31.022317
"3452",31.257278
"8864",31.257278
"4963",33.584757
"9942",31.717966
"7201",31.479602
"435",31.488639
"148",31.257278
"6318",31.790600
"1404",31.488639
"2886",31.295765
"4177",30.308544
"6049",31.022317
"715",29.082071
"4568",31.257278
"9151",31.488639
"8993",31.488639
"2967",31.790600
"1476",31.257278
"864",29.082071
"4986",29.082071
"6684",33.584757
"306",31.257278
"7888",31.257278
"5479",33.584757
"2653",31.488639
"2142",29.082071
"169",31.257278
"871",31.295765
"2494",31.944305
"1140",30.705496
"9341",33.584757
"4057",31.488639
"6035",29.082071
"9431",29.082071
"4401",29.082071
"5044",29.082071
"4294",29.082071
"5619",33.584757
"2183",33.584757
"7471",31.790600
"1",30.589499
"3722",31.944305
"557",31.790600
"3463",31.257278
"2052",31.257278
"3833",33.584757
"7445",29.082071
"5915",33.584757
"5890",29.082071
"1732",31.488639
"4403",31.488639
"7265",33.584757
"9081",30.673828
"5235",31.823705
"2992",31.295765
"1734",31.790600
"3573",31.488639
"3670",29.082071
"6604",33.584757
"873",33.584757
"5435",31.488639
"3984",31.488639
"9923",29.082071
"5401",31.488639
"38",31.257278
"3754",33.584757
"9738",31.488639
"90",30.929903
"1467",30.929903
"9237",33.584757
"1924",29.082071
"1387",30.673828
"9495",33.584757
"9022",33.584757
"2913",33.584757
"9132",30.673828
"3503",29.082071
"5000",33.584757
"4114",33.584757
"9321",30.453805
"3876",29.082071
"6425",31.667986
"7771",31.488639
"9217",31.488639
"1728",31.488639
"4335",31.717966
"7671",33.584757
"3136",33.584757
"943",33.584757
"7118",31.488639
"4298",30.929903
"6300",31.257278
"6387",30.717480
"560",30.929903
"9062",33.584757
"5273",33.584757
"7126",31.488639
"1792",31.050503
"1220",31.488639
"4868",30.453805
"129",30.717480
"6781",33.584757
"5259",30.717480
"15",31.460332
"6700",29.082071
"41",31.367840
"7512",33.584757
"4010",33.584757
"4705",29.082071
"1090",30.717480
"9471",30.717480
"7833",31.488639
"5324",31.488639
"9591",30.929903
"3363",30.717480
"3996",30.717480
"3054",30.134750
"2551",30.929903
"4131",31.488639
"3398",31.050503
"656",31.050503
"1188",33.584757
"6808",33.584757
"2730",33.584757
"9015",30.929903
"7313",33.584757
"9595",31.050503
"4402",31.488639
"8175",30.453805
"2811",31.050503
"8476",33.584757
"8643",31.488639
"4847",30.134750
"2097",31.460332
"5278",31.367840
"7158",30.929903
"6600",31.488639
"9269",30.717480
"325",33.584757
"4750",33.584757
"1605",33.584757
"6452",33.584757
"8414",30.929903
"1459",30.929903
"8301",31.488639
"7638",31.050503
"9275",31.460332
"3730",31.050503
"9458",30.717480
"7658",30.717480
"9648",30.717480
"523",29.423773
"2367",29.423773
"9165",30.717480
"3207",31.050503
"1487",31.050503
"2802",31.050503
"5726",31.050503
"375",31.050503
"7884",31.050503
"7452",29.988877
"8896",33.584757
"8777",31.488639
"9647",30.929903
"3088",33.584757
"7726",30.717480
"7149",30.717480
"5247",29.863542
"9996",30.134750
"9088",33.584757
"345",33.584757
"2742",33.584757
"6051",33.584757
"6966",31.050503
"6749",29.423773
"3723",30.134750
"6697",30.717480
"7925",30.929903
"663",30.929903
"3151",33.584757
"366",30.717480
"140",33.584757
"183",30.929903
"3972",30.929903
"2873",30.929903
"3329",33.584757
"4658",33.584757
"4620",30.929903
"4912",33.584757
"8480",30.929903
"3638",30.929903
"4366",30.929903
"8068",33.584757
"8219",33.584757
"1154",33.584757
"9668",30.929903
"4515",30.929903
"4388",30.929903
"5977",30.717480
"9684",30.929903
"7170",30.929903
"5747",33.584757
"3611",33.584757
"1557",33.584757
"3285",30.929903
"9390",30.929903
"1279",33.584757
"8910",30.929903
"1947",30.929903
"8925",30.929903
"760",33.584757
"4105",33.584757
"9682",33.584757
"5701",33.584757
"2044",33.584757
"9940",30.929903
"550",33.584757
"2860",30.929903
"7579",30.929903
"2763",30.929903
"5583",30.929903
"2425",33.584757
"5386",33.584757
"379",33.584757
"7767",30.717480
"1331",30.717480
"848",30.717480
"2991",30.929903
"3282",33.584757
"5754",30.929903
"2213",33.883286
"5414",30.929903
"3534",30.717480
"6483",30.929903
"13",30.929903
"1132",33.883286
"3278",31.460332
"5186",30.929903
"5528",30.929903
"6908",30.929903
"2326",33.883286
"9083",33.584757
"1262",33.883286
"9530",31.460332
"1872",30.929903
"4980",30.929903
"3946",30.929903
"6748",30.717480
"5683",33.584757
"2474",30.929903
"2514",30.929903
"2471",31.460332
"1268",33.883286
"9840",30.717480
"403",30.929903
"6441",30.717480
"4833",30.929903
"618",30.717480
"9255",31.460332
"8946",32.657968
"6920",30.717480
"278",32.657968
"5843",33.584757
"8466",33.883286
"45",33.752161
"9905",32.657968
"9432",31.460332
"2510",32.657968
"8761",31.460332
"7129",33.883286
"680",33.883286
"6924",33.883286
"898",30.929903
"8238",33.883286
"8218",30.929903
"7999",30.929903
"3828",33.752161
"1537",32.657968
"3261",31.460332
"7076",31.460332
"4260",30.929903
"4020",33.883286
"8522",33.883286
"399",30.929903
"344",30.717480
"9412",30.717480
"1779",30.929903
"5700",28.871891
"4093",32.657968
"438",31.908074
"9705",33.883286
"488",33.883286
"9014",30.929903
"1086",33.883286
"94",30.717480
"9072",31.434903
"4841",31.460332
"9222",31.460332
"2385",30.717480
"8844",30.717480
"3328",31.434903
"9494",33.883286
"6601",30.929903
"9177",30.929903
"2355",28.871891
"7754",30.929903
"3693",31.434903
"6566",31.908074
"74",30.929903
"8332",33.883286
"9673",31.460332
"8905",31.460332
"5523",31.434903
"6651",28.871891
"1260",31.292925
"168",31.292925
"2284",31.908074
"4504",33.752161
"1992",28.871891
"7156",32.657968
"5978",31.279433
"8893",31.460332
"6343",32.657968
"7759",31.908074
"1634",32.657968
"7732",28.871891
"4476",32.657968
"2501",32.657968
"2682",31.279433
"4499",31.434903
"7049",28.871891
"1599",32.657968
"4273",30.717480
"8670",33.883286
"9602",30.717480
"2520",31.434903
"7432",30.717480
"177",31.292925
"8083",31.908074
"9367",31.292925
"617",31.292925
"3283",31.908074
"4361",32.657968
"2853",31.908074
"2531",32.657968
"8123",32.657968
"7282",28.871891
"5770",28.871891
"1940",32.657968
"5908",28.871891
"5546",30.408230
"5306",32.657968
"8099",32.657968
"2254",30.408230
"4710",28.871891
"9621",31.434903
"6058",31.434903
"7013",31.434903
"9531",28.871891
"1579",31.908074
"9366",31.434903
"3998",30.717480
"1383",28.871891
"891",31.445580
"6744",28.871891
"3639",28.871891
"4407",30.681666
"5867",33.752161
"3470",31.434903
"3254",32.657968
"8635",32.657968
"4518",32.657968
"7446",32.657968
"1109",32.657968
"2973",32.442202
"5387",28.871891
"9064",32.657968
"9300",28.871891
"1455",33.883286
"7867",29.627990
"4392",30.160425
"7272",33.883286
"791",28.871891
"9978",28.871891
"2392",31.434903
"6929",30.665340
"2838",29.627990
"8167",32.657968
"6345",32.657968
"1131",31.434903
"9845",28.871891
"6687",28.871891
"8163",32.442202
"1788",31.434903
"7052",32.442202
"8061",28.871891
"796",32.657968
"7850",28.871891
"8647",33.010222
"6659",30.665340
"5190",28.871891
"6267",32.657968
"7580",32.657968
"6329",32.442202
"4076",33.883286
"7240",32.657968
"4400",32.657968
"1161",32.657968
"5240",32.442202
"1932",28.871891
"9643",32.657968
"7994",30.665340
"4930",32.442202
"8563",30.681666
"8477",32.442202
"3281",32.442202
"2168",33.752161
"8440",33.752161
"9396",31.434903
"9023",31.434903
"8064",28.871891
"2899",33.752161
"8337",32.657968
"7673",32.657968
"9386",29.627990
"2939",28.871891
"7415",31.434903
"6294",28.871891
"3775",32.657968
"2667",32.442202
"4463",32.442202
"698",32.442202
"9775",32.442202
"4953",29.627990
"7315",32.657968
"1299",32.657968
"4332",31.097836
"1505",28.871891
"5711",29.627990
"6582",32.442202
"3806",32.657968
"3293",30.107689
"7431",28.871891
"852",29.627990
"9797",31.434903
"6939",32.442202
"3988",31.097836
"1840",32.657968
"532",31.434903
"6455",33.010222
"4367",33.752161
"1151",31.097836
"2782",32.657968
"9383",31.097836
"1998",32.657968
"5589",31.434903
"1285",29.853761
"1593",30.681666
"7381",31.434903
"4341",32.657968
"1961",29.627990
"5321",28.871891
"3807",28.871891
"5400",32.657968
"9739",32.442202
"5055",32.657968
"3189",32.657968
"7257",33.752161
"5612",30.107689
"6295",32.657968
"1050",32.442202
"1771",28.871891
"1814",31.434903
"7027",29.627990
"4793",32.657968
"9262",33.010222
"1946",28.871891
"5074",32.442202
"5018",32.442202
"182",32.657968
"6324",32.657968
"963",33.010222
"9371",32.442202
"6417",31.434903
"4308",28.871891
"5807",28.871891
"7072",32.442202
"4220",32.657968
"2495",33.883286
"8821",31.097836
"964",31.434903
"9089",31.434903
"1071",31.434903
"14",29.627990
"9416",29.853761
"552",29.627990
"9510",32.657968
"8723",32.657968
"8128",33.752161
"8964",33.752161
"8640",28.871891
"9113",31.097836
"2144",29.627990
"9122",29.627990
"7513",32.657968
"4174",33.752161
"2194",33.010222
"2111",33.883286
"3467",28.871891
"227",30.681666
"7756",32.657968
"166",29.853761
"6900",31.434903
"9628",29.853761
"413",32.442202
"7695",32.442202
"4852",32.657968
"3742",33.010222
"577",28.871891
"4462",33.010222
"5871",32.657968
"2875",33.010222
"4358",33.010222
"1935",29.853761
"2687",32.442202
"8629",32.442202
"5553",32.657968
"2426",32.657968
"4219",31.434903
"1443",29.853761
"998",33.010222
"5151",33.010222
"8808",32.657968
"2223",31.434903
"5429",28.871891
"6076",29.853761
"1430",33.752161
"713",28.871891
"2119",33.010222
"1773",31.434903
"519",33.010222
"2143",29.627990
"1097",29.853761
"451",31.434903
"3048",33.010222
"5005",29.627990
"5348",29.853761
"8085",31.434903
"8959",31.097836
"7611",32.657968
"4896",28.871891
"7504",30.107689
"4682",30.681666
"4716",29.627990
"2673",29.853761
"2699",33.010222
"6055",29.853761
"2105",29.853761
"807",32.657968
"7380",32.657968
"492",33.010222
"702",29.627990
"6719",33.010222
"7746",32.657968
"8335",31.434903
"7209",29.627990
"2069",33.010222
"9843",33.010222
"799",29.853761
"8519",32.657968
"5936",29.627990
"7003",33.010222
"6168",31.434903
"3592",28.871891
"8850",31.434903
"9052",33.010222
"7968",32.657968
"8468",29.853761
"8906",33.010222
"8773",29.853761
"7795",29.853761
"5632",33.010222
"6125",33.010222
"2666",33.010222
"924",33.010222
"7475",32.657968
"9790",33.010222
"4704",30.107689
"6897",29.627990
"5812",33.010222
"9801",32.657968
"1488",32.657968
"3032",29.627990
"3018",29.627990
"7614",33.010222
"4753",33.010222
"8226",32.657968
"1536",32.657968
"3098",33.010222
"6873",31.434903
"2160",29.853761
"7783",33.010222
"7332",33.010222
"4615",29.853761
"9887",29.627990
"962",33.010222
"4386",29.853761
"4900",29.853761
"2291",33.010222
"5325",33.010222
"9604",33.010222
"3171",33.752161
"8573",32.657968
"6139",33.010222
"8147",33.010222
"1884",33.010222
"2769",29.853761
"3196",33.010222
"4943",33.010222
"8922",33.752161
"154",30.681666
"6136",29.627990
"1088",29.627990
"2831",29.627990
"3643",33.010222
"1602",31.434903
"3928",30.107689
"857",32.657968
"6059",32.657968
"239",32.657968
"7725",29.627990
"1038",28.871891
"5067",28.871891
"2051",29.853761
"6366",33.010222
"175",33.010222
"9384",29.853761
"4816",29.627990
"6844",32.657968
"4787",33.010222
"5679",33.010222
"7079",29.627990
"1827",33.010222
"762",33.010222
"4107",29.853761
"3370",33.010222
"1782",32.657968
"3135",32.657968
"2420",32.657968
"1933",33.010222
"8457",33.010222
"5686",33.010222
"7537",28.871891
"9873",33.010222
"8297",29.853761
"9633",33.010222
"541",29.853761
"9657",29.853761
"3605",29.627990
"9264",29.627990
"1081",33.010222
"3483",31.434903
"186",33.010222
"8979",29.853761
"6460",33.010222
"3482",29.627990
"7053",33.010222
"3183",30.107689
"8427",30.107689
"5402",33.010222
"2632",32.657968
"9291",33.010222
"4879",29.627990
"7582",29.853761
"8352",29.853761
"8270",29.627990
"8579",33.010222
"4054",33.010222
"4443",32.657968
"631",32.657968
"4642",33.010222
"7946",33.010222
"1259",32.657968
"5932",30.107689
"277",30.060486
"3249",33.010222
"7835",33.010222
"841",28.871891
"6189",29.627990
"4095",29.627990
"3866",33.010222
"7588",29.853761
"8921",29.627990
"1777",29.853761
"3153",33.010222
"6516",33.010222
"9588",33.010222
"3360",33.010222
"3834",33.010222
"5356",33.010222
"8077",29.627990
"1531",29.853761
"7569",29.627990
"4788",33.010222
"3410",29.853761
"3647",33.010222
"6807",33.010222
"810",33.010222
"8341",30.121181
"7527",30.107689
"4489",33.010222
"1186",33.010222
"8687",29.853761
"3317",29.853761
"1761",29.853761
"4338",32.657968
"7836",29.627990
"1573",33.010222
"9627",28.871891
"7200",29.627990
"750",29.627990
"1683",33.010222
"2706",33.010222
"3419",33.010222
"3432",33.010222
"3681",29.627990
"6176",33.010222
"4242",33.010222
"8551",29.853761
"3366",29.853761
"8704",33.010222
"1289",29.853761
"7147",29.853761
"3522",33.010222
"25",29.853761
"6043",33.010222
"920",29.853761
"9784",33.010222
"8636",33.010222
"5050",33.010222
"2060",33.010222
"1540",29.627990
"1645",29.627990
"6863",29.853761
"2623",29.853761
"7846",33.010222
"9481",33.010222
"9042",32.657968
"5073",33.010222
"8037",33.010222
"7347",33.010222
"4120",29.853761
"6750",33.010222
"4904",33.010222
"6901",33.010222
"200",29.627990
"2427",33.010222
"6",30.060486
"7426",33.010222
"4262",33.010222
"1738",33.010222
"1796",33.010222
"5292",33.010222
"8174",33.010222
"2713",29.627990
"5352",33.010222
"8802",29.853761
"3173",29.627990
"995",33.010222
"7849",29.627990
"3533",29.853761
"476",29.853761
"128",29.853761
"3239",33.010222
"7135",29.627990
"7214",29.627990
"9464",33.010222
"6261",29.627990
"5099",29.627990
"3228",29.627990
"7610",29.853761
"4115",29.627990
"8008",30.107689
"6264",29.627990
"315",33.010222
"5981",30.107689
"7881",33.010222
"5618",29.853761
"2707",33.010222
"7267",33.010222
"5865",33.010222
"4811",33.010222
"5438",33.010222
"4542",29.853761
"4688",33.010222
"8357",29.853761
"1431",29.853761
"3924",29.853761
"4776",33.010222
"2619",29.853761
"6046",30.060486
"1074",29.853761
"8772",33.010222
"8094",33.010222
"4952",29.627990
"7967",29.853761
"6978",29.853761
"8710",33.010222
"2544",33.010222
"5993",33.010222
"5938",29.853761
"1388",29.853761
"2002",30.060486
"3981",29.627990
"271",29.627990
"7341",29.853761
"9404",33.010222
"5564",29.853761
"2587",29.853761
"111",29.627990
"7636",33.010222
"4902",29.853761
"8848",29.853761
"973",29.853761
"9710",30.060486
"5362",29.627990
"6524",29.627990
"7335",30.060486
"6839",29.853761
"1938",29.853761
"4919",29.853761
"5373",33.010222
"1029",29.627990
"2935",29.853761
"1022",29.853761
"3063",30.060486
"290",33.010222
"9004",29.853761
"34",29.853761
"3109",29.853761
"2341",29.627990
"9523",30.060486
"6071",29.853761
"722",29.627990
"3065",29.627990
"8524",29.853761
"400",29.853761
"1770",29.627990
"9209",29.853761
"4740",33.010222
"9542",29.853761
"388",29.853761
"5326",29.627990
"1178",29.853761
"9869",29.687658
"9509",30.060486
"4029",29.853761
"3949",30.060486
"5799",29.627990
"679",29.853761
"8754",29.853761
"2883",29.853761
"828",29.627990
"4204",29.627990
"6342",29.853761
"2027",30.060486
"980",29.853761
"3439",29.853761
"4141",29.853761
"5970",29.853761
"83",29.853761
"5231",29.853761
"4232",29.853761
"4431",29.627990
"2590",29.687658
"647",29.853761
"3131",29.627990
"6690",29.627990
"2710",29.853761
"9568",29.687658
"9830",29.853761
"3080",29.853761
"4522",29.853761
"6403",29.627990
"2428",29.853761
"2624",29.853761
"4362",29.627990
"3388",29.627990
"6679",29.627990
"7114",29.627990
"5267",29.687658
"3127",29.853761
"6801",29.853761
"7810",29.687658
"8719",29.853761
"8556",29.853761
"6380",29.627990
"3295",29.687658
"4442",29.853761
"4474",29.853761
"9334",29.853761
"5680",29.853761
"8244",29.853761
"3796",29.853761
"2121",29.627990
"8111",29.627990
"1679",29.687658
"1626",29.687658
"3971",29.853761
"1278",29.627990
"901",29.627990
"4279",29.853761
"7447",29.627990
"281",29.687658
"6122",29.687658
"7761",29.853761
"3810",29.687658
"2819",29.687658
"5023",29.853761
"2029",29.853761
"7825",29.687658
"1690",29.687658
"5245",29.853761
"637",29.853761
"819",29.687658
"320",29.853761
"7694",29.687658
"376",29.687658
"9541",29.627990
"4959",29.627990
"4199",29.627990
"1242",29.853761
"6370",29.853761
"2322",29.687658
"5819",29.687658
"7286",29.687658
"1344",29.853761
"3637",29.853761
"6094",29.687658
"1775",29.687658
"1189",29.627990
"2467",29.627990
"6668",29.687658
"4035",29.627990
"4384",29.853761
"4633",29.627990
"5061",29.853761
"5232",29.627990
"8438",29.687658
"672",29.687658
"4026",29.853761
"8295",29.853761
"4426",29.687658
"423",29.853761
"1381",29.687658
"4190",29.687658
"4390",29.853761
"2327",29.687658
"7987",29.853761
"7943",29.853761
"3123",29.687658
"6497",29.687658
"7533",29.687658
"7091",29.853761
"487",29.853761
"4005",29.853761
"1528",29.687658
"7465",29.687658
"7322",29.627990
"7378",29.627990
"9027",29.627990
"1192",29.687658
"3038",29.853761
"2302",29.853761
"1303",29.853761
"5302",29.853761
"1919",29.687658
"4439",29.687658
"4287",29.687658
"5047",29.687658
"2346",29.627990
"2048",29.853761
"8867",29.853761
"3026",29.687658
"3298",29.853761
"8779",30.060486
"8752",29.687658
"2415",30.060486
"5776",29.853761
"1625",29.687658
"1419",29.853761
"2529",29.853761
